Title,Series,Author,Publisher,Year,ISBN,Image,Read,Goodreads 
Вестителят на Бурята,Стийлхейвън,Ричард Форд,Artline Studios,2015,9786191930166,https://artline-store.net/userfiles/productlargeimages/product_183.jpg,y,https://www.goodreads.com/book/show/24970305
Разбитата корона,Стийлхейвън,Ричард Форд,Artline Studios,2018,9786191931293,https://cdn.ozone.bg/media/catalog/product/cache/1/image/a4e40ebdc3e371adff845072e1c73f37/r/a/dc3a11aca70c1da248cd2438d0c819ea/razbitata-korona-stiylheyvan-2-30.jpg,y,https://www.goodreads.com/book/show/42883052
Господарят на пепелищата,Стийлхейвън,Ричард Форд,Artline Studios,2021,9786191932504,https://cdn.ozone.bg/media/catalog/product/cache/1/image/a4e40ebdc3e371adff845072e1c73f37/g/o/7f82a593f372dec1ba977695d830f8e9/gospodaryat-na-pepelishtata-stiylheyvan-3-30.jpg,y,https://www.goodreads.com/book/show/59753885
Еманципирана магия,Вещици,Тери Пратчет,Artline Studios,2022,9789544221201,https://artline-store.net/userfiles/productlargeimages/product_2160.jpg
Захапи за врата,Вещици,Тери Пратчет,Artline Studios,2022,9789544221225,https://artline-store.net/userfiles/productlargeimages/product_2170.jpg
Вещици в чужбина,Вещици,Тери Пратчет,Artline Studios,2022,9789544221133,https://artline-store.net/userfiles/productlargeimages/product_2164.jpg
Маскарад,Вещици,Тери Пратчет,Artline Studios,2022,9789544221300,https://artline-store.net/userfiles/productlargeimages/product_2168.jpg
Посестрими в занаята,Вещици,Тери Пратчет,Artline Studios,2022,9789544221423,https://artline-store.net/userfiles/productlargeimages/product_2162.jpg
Господари и господарки,Вещици,Тери Пратчет,Artline Studios,2022,9789544221171,https://artline-store.net/userfiles/productlargeimages/product_2166.jpg
Шовинист,Градската стража,Тери Пратчет,Artline Studios,2022,9789544221539,https://artline-store.net/userfiles/productlargeimages/product_2097.jpg
Петият слон,Градската стража,Тери Пратчет,Artline Studios,2022,9789544221386,https://artline-store.net/userfiles/productlargeimages/product_2101.jpg
Смрък,Градската стража,Тери Пратчет,Artline Studios,2022,9789544221461,https://artline-store.net/userfiles/productlargeimages/product_2111.jpg
Туп!,Градската стража,Тери Пратчет,Artline Studios,2022,9789544221485,https://artline-store.net/userfiles/productlargeimages/product_2124.jpg
Чудовищна команда,Градската стража,Тери Пратчет,Artline Studios,2022,9789544221515,https://artline-store.net/userfiles/productlargeimages/product_2109.jpg
Въоръжени мъже,Градската стража,Тери Пратчет,Artline Studios,2022,9789544221157,https://artline-store.net/userfiles/productlargeimages/product_2103.jpg
Глинени крака,Градската стража,Тери Пратчет,Artline Studios,2022,9789544221164,https://artline-store.net/userfiles/productlargeimages/product_2105.jpg
Стражите! Стражите!,Градската стража,Тери Пратчет,Artline Studios,2022,9789544221478,https://artline-store.net/userfiles/productlargeimages/product_2107.jpg
Нощна стража,Градската стража,Тери Пратчет,Artline Studios,2022,9789544221355,https://artline-store.net/userfiles/productlargeimages/product_2099.jpg
Пирамиди,Древни цивилизации,Тери Пратчет,Artline Studios,2023,https://cdn.ozone.bg/media/catalog/product/cache/1/image/a4e40ebdc3e371adff845072e1c73f37/p/i/761afdd38f119e767e5db43a2533ea12/piramidi-novo-izdanie-30.jpg
Малки богове,Древни цивилизации,Тери Пратчет,Artline Studios,2023,https://cdn.ozone.bg/media/catalog/product/cache/1/image/a4e40ebdc3e371adff845072e1c73f37/m/a/537c8d77b36804671f5725613381da1b/malki-bogove-novo-izdanie-30.jpg
Изумителният Морис и неговите образовани гризачи,Древни цивилизации,Тери Пратчет,Artline Studios,2023,https://cdn.ozone.bg/media/catalog/product/cache/1/image/a4e40ebdc3e371adff845072e1c73f37/i/z/8a3baf88f0ad98bc762f39c55653cb08/izumitelniyat-moris-novo-izdanie-30.jpg
Цветът на магията,Магьосници,Тери Пратчет,Artline Studios,2023,https://cdn.ozone.bg/media/catalog/product/cache/1/image/a4e40ebdc3e371adff845072e1c73f37/t/s/1e289df8353a39dcd643d652df437624/tsvetat-na-magiyata-novo-izdanie-30.jpg
Фантастична светлина,Магьосници,Тери Пратчет,Artline Studios,2023,https://cdn.ozone.bg/media/catalog/product/cache/1/image/a4e40ebdc3e371adff845072e1c73f37/f/a/3c58d6b61a4155e6ba4a90799d404d95/fantastichna-svetlina-novo-izdanie-30.jpg
Магизточник,Магьосници,Тери Пратчет,Artline Studios,2023,https://cdn.ozone.bg/media/catalog/product/cache/1/image/a4e40ebdc3e371adff845072e1c73f37/m/a/f16576ee8145a2660265fa21ebaa057b/magiztochnik-e-kniga-30.jpg
Интересни времена,Магьосници,Тери Пратчет,Artline Studios,2023,https://cdn.ozone.bg/media/catalog/product/cache/1/image/a4e40ebdc3e371adff845072e1c73f37/i/n/4a06c6f37105ba28609efb375580f40b/interesni-vremena-novo-izdanie-30.jpg
Последният континент,Магьосници,Тери Пратчет,Artline Studios,2023,https://cdn.ozone.bg/media/catalog/product/cache/1/image/a4e40ebdc3e371adff845072e1c73f37/p/o/f9a3437b26ceb17fa104de28c5830470/posledniyat-kontinent-e-kniga-30.jpg
Невиждани академици,Магьосници,Тери Пратчет,Artline Studios,2023,https://cdn.ozone.bg/media/catalog/product/cache/1/image/a4e40ebdc3e371adff845072e1c73f37/t/s/1e289df8353a39dcd643d652df437624/tsvetat-na-magiyata-novo-izdanie-30.jpg
Морт,Смърт,Тери Пратчет,Artline Studios,2023,https://cdn.ozone.bg/media/catalog/product/cache/1/image/a4e40ebdc3e371adff845072e1c73f37/m/o/178b23f3f0ccef02618c03cdeda958c7/mort-novo-izdanie-30.jpg
Жътварят,Смърт,Тери Пратчет,Artline Studios,2023,https://cdn.ozone.bg/media/catalog/product/cache/1/image/a4e40ebdc3e371adff845072e1c73f37/z/h/477cab7ee1a1c27205345c673442b8f9/zhatvaryat-novo-izdanie-30.jpg
Музика за душата,Смърт,Тери Пратчет,Artline Studios,2023,https://cdn.ozone.bg/media/catalog/product/cache/1/image/a4e40ebdc3e371adff845072e1c73f37/m/u/a33d664151df0890f00db7039d6b8b55/muzika-na-dushata-novo-izdanie-30.jpg
Дядо прас,Смърт,Тери Пратчет,Artline Studios,2023,https://cdn.ozone.bg/media/catalog/product/cache/1/image/a4e40ebdc3e371adff845072e1c73f37/d/y/5903da5043d3f03f3af8a8072ee03027/dyado-pras-novo-izdanie-30.jpg
Крадец на време,Смърт,Тери Пратчет,Artline Studios,2023,https://cdn.ozone.bg/media/catalog/product/cache/1/image/a4e40ebdc3e371adff845072e1c73f37/k/r/58585e969e5e042eac0e2c7d6a923d7c/kradets-na-vreme-novo-izdanie-30.jpg
Пощоряване,Мокр фон Ментебрад,Тери Пратчет,Artline Studios,2023,https://cdn.ozone.bg/media/catalog/product/cache/1/image/a4e40ebdc3e371adff845072e1c73f37/p/o/9a35700f5c01e375744a3528ab7156d9/poshtoryavane-novo-izdanie-30.jpg
Опаричване,Мокр фон Ментебрад,Тери Пратчет,Artline Studios,2023,https://cdn.ozone.bg/media/catalog/product/cache/1/image/a4e40ebdc3e371adff845072e1c73f37/o/p/98a8013ce3779e0bb7ca5a6ef49521ae/oparichvane-novo-izdanie-30.jpg
Под пара,Мокр фон Ментебрад,Тери Пратчет,Artline Studios,2023,https://cdn.ozone.bg/media/catalog/product/cache/1/image/a4e40ebdc3e371adff845072e1c73f37/p/o/8edab2ef0d0dcec65842786feba017fe/pod-para-novo-izdanie-30.jpg
Подвижни образи,Индустриална революция,Тери Пратчет,Artline Studios,2023,https://cdn.ozone.bg/media/catalog/product/cache/1/image/a4e40ebdc3e371adff845072e1c73f37/p/o/e778a4a0d43ca0c57ab53c0fceeacd30/podvizhni-obrazi-novo-izdanie-30.jpg
Истината,Индустриална революция,Тери Пратчет,Artline Studios,2023,https://cdn.ozone.bg/media/catalog/product/cache/1/image/a4e40ebdc3e371adff845072e1c73f37/i/s/e4d002de4c6630a9b112e34034e899d5/istinata-novo-izdanie-30.jpg
Волният народец,Тифани Сболки,Тери Пратчет,Artline Studios,2023,https://cdn.ozone.bg/media/catalog/product/cache/1/image/a4e40ebdc3e371adff845072e1c73f37/v/o/522a840f9813168f91abb52e14610ae5/volniyat-narodets-novo-izdanie-30.jpg
Шапка пълна с небе,Тифани Сболки,Тери Пратчет,Artline Studios,2023,https://cdn.ozone.bg/media/catalog/product/cache/1/image/a4e40ebdc3e371adff845072e1c73f37/s/h/b1b461f84206bb858671814ce6fdc8c0/shapka-palna-s-nebe-novo-izdanie-30.jpg
Зимоковецът,Тифани Сболки,Тери Пратчет,Artline Studios,2023,https://cdn.ozone.bg/media/catalog/product/cache/1/image/a4e40ebdc3e371adff845072e1c73f37/z/i/e972665cc8a10a39d426ce89549fa71d/zimokovetsat-novo-izdanie-30.jpg
В черно като полунощ,Тифани Сболки,Тери Пратчет,Artline Studios,2023,https://cdn.ozone.bg/media/catalog/product/cache/1/image/a4e40ebdc3e371adff845072e1c73f37/v/_/5131bf34cccfafdd307c08379a415174/v-cherno-kato-polunosht-novo-izdanie-30.jpg
Овчарската корона,Тифани Сболки,Тери Пратчет,Artline Studios,2023,https://cdn.ozone.bg/media/catalog/product/cache/1/image/a4e40ebdc3e371adff845072e1c73f37/o/v/32efbe91c509fcd84109ec2024ebee20/ovcharskata-korona-novo-izdanie-30.jpg
Пенрик - Магьосник от Шалион,Лоис Макмастър Бюджолд,Bard,2018,9789546558947,https://www.ciela.com/media/catalog/product/cache/32bb0748c82325b02c55df3c2a9a9856/p/e/penrik-bard-9789546558947_1.jpg
Дългият път към една малка ядосана планета,Дългият път към една малка ядосана планета,Беки Чеймбърс,Artline Studios,2018,9786191931262,https://artline-store.net/userfiles/productlargeimages/product_490.jpg
Орбита, близка и позната,Дългият път към една малка ядосана планета,Беки Чеймбърс,Artline Studios,2020,https://cdn.ozone.bg/media/catalog/product/cache/1/image/a4e40ebdc3e371adff845072e1c73f37/o/r/12f0e3fe7b706252827ccde78ed212d4/orbita--blizka-i-poznata-dalgiyat-pat-kam-edna-malka--yadosana-planeta-2-30.jpg
Архив на малцината родени в космоса,Дългият път към една малка ядосана планета,Беки Чеймбърс,Artline Studios,2021,https://cdn.ozone.bg/media/catalog/product/cache/1/image/a4e40ebdc3e371adff845072e1c73f37/a/r/5f5fbcdcd5453a4a52db1057bae706a3/arhiv-na-maltsinata--rodeni-v-kosmosa-dalgiyat-pat-kam-edna-malka--yadosana-planeta-3-30.jpg
Галактиката и земята там отвътре,Дългият път към една малка ядосана планета,Беки Чеймбърс,Artline Studios,2021,https://cdn.ozone.bg/media/catalog/product/cache/1/image/a4e40ebdc3e371adff845072e1c73f37/g/a/cce2a2f045581412325b33e8a757d1bf/galaktikata-i-zemyata-tam-otvatre-dalgiyat-pat-kam-edna-malka--yadosana-planeta-4-30.jpg
Дюн / Месията на Дюн,Дюн,Франк Хърбърт,Bard,2016,9789545859045,https://cdn.ozone.bg/media/catalog/product/cache/1/image/a4e40ebdc3e371adff845072e1c73f37/k/o/2341d865a76847b901ba96f939d4240c/dyun---tom-1--dyun-mesiyata-na-dyun-tvardi-koritsi-30.jpg,y
Децата на Дюн / Бог Император на Дюн,Дюн,Франк Хърбърт,Bard,2016,9789545859052,https://cdn.ozone.bg/media/catalog/product/cache/1/image/a4e40ebdc3e371adff845072e1c73f37/k/o/3393e7869d8d50e12d404b3fa80b86a2/dyun---tom-2--detsata-na-dyun-bog-imperator-na-dyun-tvardi-koritsi-30.jpg
Еретиците на Дюн / Дюн: домът на ордена,Дюн,Франк Хърбърт,Bard,2016,9789548589069,https://cdn.ozone.bg/media/catalog/product/cache/1/image/a4e40ebdc3e371adff845072e1c73f37/k/o/e790bcbadd39227c8c6b9306314de6c1/dyun---tom-3--eretitsite-na-dyun-dyun--domat-na-ordena-tvardi-koritsi-30.jpg
Династията на Атреиди,Дюн,Браян Хърбърт  Кевин Дж. Андерсън,Artline Studios,2025,https://cdn.ozone.bg/media/catalog/product/cache/1/image/a4e40ebdc3e371adff845072e1c73f37/d/y/8ad249b3254fe8524e9f960ba8c71d52/dyun--dinastiyata-atreidi-30.jpg
Династията Харконен,Дюн,Браян Хърбърт  Кевин Дж. Андерсън,Artline Studios,2026,https://cdn.ozone.bg/media/catalog/product/cache/1/image/a4e40ebdc3e371adff845072e1c73f37/d/y/ecb186c019b1707b25a4c54d3c78d0e0/dyun--dinastiyata-harkonen-30.jpg
Беззвездната корона,Лунопад,Джеймс Ролинс,Bard,2022,9786190301554,https://cdn.ozone.bg/media/catalog/product/cache/1/image/a4e40ebdc3e371adff845072e1c73f37/b/e/2bfedacfb0a14d103f2ebe41408f0c93/bezzvezdnata-korona-lunopad-1-30.jpg
Ледена утроба,Лунопад,Джеймс Ролинс,Bard,2023,https://cdn.ozone.bg/media/catalog/product/cache/1/image/a4e40ebdc3e371adff845072e1c73f37/l/e/e4f6711e8fe523c17126d5b9d234b3cf/ledena-utroba-lunopad-2-30.jpg
Дракон от черно стъкло,Лунопад,Джеймс Ролинс,Bard,2025,https://cdn.ozone.bg/media/catalog/product/cache/1/image/a4e40ebdc3e371adff845072e1c73f37/d/r/58b2b07eab03daa1db6fde5f36ba3185/drakon-ot-cherno-staklo-lunopad-3-30.jpg
Жокери,Жокери,Джордж Р.Р. Мартин,Ciela,2018,9789542826279,https://www.ciela.com/media/catalog/product/cache/32bb0748c82325b02c55df3c2a9a9856/d/i/divi-dzokeri-ciela-djorjd-martin.jpg
Остриетата на кардинала,Остриетата на кардинала,Пиер Певел,Litus,2015,9786192090033,https://iztok-zapad.eu/image/cachewebp/catalog/books/picture_1545-650x1000.webp
Алхимикът от сенките,Остриетата на кардинала,Пиер Певел,Litus,2015,9786192090067,https://cdn.ozone.bg/media/catalog/product/cache/1/image/a4e40ebdc3e371adff845072e1c73f37/a/l/8174efdbb6829a22bd80b69155b20426/alhimikat-ot-senkite-ostrietata-na-kardinala---tom-2-31.jpg
Драконът на арканите,Остриетата на кардинала,Пиер Певел,Litus,2016,9786192090104,https://cdn.ozone.bg/media/catalog/product/cache/1/image/a4e40ebdc3e371adff845072e1c73f37/d/r/893324eb394241c5c83892ef9578c3d8/drakonat-na-arkanite-ostrietata-na-kardinala---tom-3-31.jpg
Вълшебствата на Амбремер,Париж на чудесата,Пиер Певел,Изток Запад,2017,9786190101574,https://cdn.ozone.bg/media/catalog/product/cache/1/image/a4e40ebdc3e371adff845072e1c73f37/p/a/502d241c57641032100b4df5032429d3/parizh-na-chudesata-1--valshebstvata-na-ambremer-31.jpg,y
Еликсирът на забравата,Париж на чудесата,Пиер Певел,Изток Запад,2018,9786190102878,https://cdn.ozone.bg/media/catalog/product/cache/1/image/a4e40ebdc3e371adff845072e1c73f37/e/l/b4b038d9a937061dd4c9c3e4e4432875/parizh-na-chudesata-2--eliksirat-za-zabrava-30.jpg
Неподвижното кралство,Париж на чудесата,Пиер Певел,Изток Запад,2019,9786190104230,https://cdn.ozone.bg/media/catalog/product/cache/1/image/a4e40ebdc3e371adff845072e1c73f37/p/a/4d98de2ea65afd7a6faafcda99b4cdf5/parizh-na-chudesata-3--nepodvizhnoto-kralstvo-30.jpg
Рицарят,Върховното кралство,Пиер Певел,Litus,2017,9786192090296,https://cdn.ozone.bg/media/catalog/product/cache/1/image/a4e40ebdc3e371adff845072e1c73f37/v/a/3e6cdfdaf6831d5bbf5f8a0fc73f5233/varhovnoto-kralstvo---tom-1--ritsaryat-31.jpg
Наследникът,Върховното кралство,Пиер Певел,Litus,2017,9786192090302,https://cdn.ozone.bg/media/catalog/product/cache/1/image/a4e40ebdc3e371adff845072e1c73f37/v/a/ee90048eef288084780becb9d25de798/varhovnoto-kralstvo---tom-2--naslednikat-31.jpg
Кралят,Върховното кралство,Пиер Певел,Litus,2019,9786192090388,https://cdn.ozone.bg/media/catalog/product/cache/1/image/a4e40ebdc3e371adff845072e1c73f37/v/a/f2845456896e78317b4ce9f301b1cf89/varhovnoto-kralstvo---tom-3--kralyat-30.jpg
Черният отряд,Хрониките на черният отряд,Глун Кук,Лира Принт,2002,9789548610612,https://assets2.chitanka.info/thumb/book-cover/10/4118.max.jpg
Песнопение,Псалмите на Исаак,Кен Сколс,Bard,2013,9789546553737,https://knizhen-pazar.net/books/080/8063/806380.jpg
Ридание,Псалмите на Исаак,Кен Сколс,Bard,2012,9789546553577,https://knizhen-pazar.net/books/190/19062/1906293.jpg
Жрицата в бяло,Ерата на петимата,Труди Канаван,Вакон,2010,9789549535143,https://vakon.bg/wp-content/uploads/2021/05/Jritzata_v_bialo-300x450-1.jpg
Последната от необузданите,Ерата на петимата,Труди Канаван,Вакон,2012,9789549535365,https://vakon.bg/wp-content/uploads/2021/05/POSLEDNATA_OT-300x450-1.jpg
Sons of the oak,The Runelords,David Farland,Tor Fantasy,2007,9780765341082,https://upload.wikimedia.org/wikipedia/en/7/7f/Sons_of_the_Oak.jpg
Chaosbound,The Runelords,David Farland,Tor Fantasy,2011,9780765361400,https://upload.wikimedia.org/wikipedia/en/a/a2/Chaosbound.jpg
Дневен патрул,Патрулите,Сергей Лукяненко,ИнфоДар,2013,9789547613799,https://infodar.com/wp-content/uploads/2017/07/products-dneven_patrul_5_cm.jpg
Черната призма,Светлоносеца,Брент Уийкс,Bard,2014,9789546554840,https://assets2.chitanka.info/thumb/book-cover/28/10424.max.jpg
Заслепяващият нож,Светлоносеца,Брент Уийкс,Bard,2014,9789546555175,https://assets2.chitanka.info/thumb/book-cover/26/9911.max.jpg
Разбитото око,Светлоносеца,Брент Уийкс,Bard,2015,9789546555632,https://assets2.chitanka.info/thumb/book-cover/28/10425.max.jpg,y
Двор от крила и разруха,Двор от рози и бодли,Сара Дж. Маас,Егмонт,2017,9789542720942,https://assets2.chitanka.info/thumb/book-cover/2c/11304.max.jpg,y
Двор от мъгла и ярост,Двор от рози и бодли,Сара Дж. Маас,Егмонт,2017,9789542720959,https://assets2.chitanka.info/thumb/book-cover/2a/10785.max.jpg
Двор от рози и бодли,Двор от рози и бодли,Сара Дж. Маас,Егмонт,2017,9789542720935,https://assets2.chitanka.info/thumb/book-cover/2a/10754.max.jpg
Двор от сребърни пламъци,Двор от рози и бодли,Сара Дж. Маас,Егмонт,2021,https://cdn.ozone.bg/media/catalog/product/cache/1/image/a4e40ebdc3e371adff845072e1c73f37/d/v/6a8a14553e78586b8566073eeb385ef6/dvor-ot-srebarni-plamatsi-dvor-ot-rozi-i-bodli-4---tvardi-koritsi-30.jpg
Двор от скреж и звездна светлина,Двор от рози и бодли,Сара Дж. Маас,Егмонт,2018,https://cdn.ozone.bg/media/catalog/product/cache/1/image/a4e40ebdc3e371adff845072e1c73f37/d/v/63a5dbe15160ac63e60af79103a96b1c/dvor-ot-skrezh-i-zvezdna-svetlina-dvor-ot-rozi-i-bodli---tvardi-koritsi-30.jpg
A court of Frost and Starlight,A court of thorns and roses,Sarah J. Maas,Bloomsbury,2018,9781408890325,https://d1b14unh5d6w7g.cloudfront.net/168119631X.01.S001.LXXXXXXX.jpg?Expires=1680452880&Signature=IAxIMCNWLC3WynPlGw3ZgknFbZKznv3qzPQ2kX0uk4pKkJaI7g3N9zrlrHkLCKLtBQ~gocviyKLupPB2bi7qb78ucv0~nfiyKFgnHUO1CpGnartQUbggoxwYecWmt0WDOafXCLiaTGUvMaEtAmADAZiXMkiQ9cIvahhYGKZ320U_&Key-Pair-Id=APKAIUO27P366FGALUMQ
Червен изгрев,Червен изгрев,Пиърс Браун,Ciela,2015,9789542816683,https://assets2.chitanka.info/thumb/book-cover/28/10483.max.jpg
Златен син,Червен изгрев,Пиърс Браун,Ciela,2016,9789542819349,https://assets2.chitanka.info/thumb/book-cover/2a/10758.max.jpg
Утринна звезда,Червен изгрев,Пиърс Браун,Ciela,2017,9789542822752,https://assets2.chitanka.info/thumb/book-cover/2a/10759.max.jpg
Меч на съдбата,Вещерът,Андрей Сапковски,ИнфоДар,2008,9789547613324,https://assets2.chitanka.info/thumb/book-cover/10/4254.max.jpg,y
Последното желание,Вещерът,Андрей Сапковски,ИнфоДар,2008,9789547613119,https://assets2.chitanka.info/thumb/book-cover/09/2408.max.jpg,y
Меч на съдбата,Вещерът,Андрей Сапковски,Ciela,2017,9789542822608,https://www.orangecenter.bg/media/catalog/product/cache/bdc2c78f7e06003a3c29bc34b94b23a8/v/e/veshterat-mech-na-sadbata-9789542822608.jpg,y
Последното желание,Вещерът,Андрей Сапковски,Ciela,2016,9789542821601,https://www.orangecenter.bg/media/catalog/product/cache/bdc2c78f7e06003a3c29bc34b94b23a8/v/e/veshterat-poslednoto-zhelanie-9789542821601.jpg,y
Кръвта на елфите,Вещерът,Андрей Сапковски,Ciela,2017,9789542824190,https://www.orangecenter.bg/media/catalog/product/cache/bdc2c78f7e06003a3c29bc34b94b23a8/v/e/veshterat-kravta-na-elfite-9789542824190.jpg,y
Време на презрение,Вещерът,Андрей Сапковски,Ciela,2017,9789542824435,https://www.orangecenter.bg/media/catalog/product/cache/bdc2c78f7e06003a3c29bc34b94b23a8/v/e/veshterat-kniga-4-vreme-za-prezrenie-9789542824435.png,y
Огнено кръщение,Вещерът,Андрей Сапковски,Ciela,2018,9789542825401,https://www.orangecenter.bg/media/catalog/product/cache/bdc2c78f7e06003a3c29bc34b94b23a8/v/e/veshterat-kniga-5-ogneno-krashtenie-9789542825401.jpg,y
Кулата на лястовицата,Вещерът,Андрей Сапковски,Ciela,2018,9789542826200,https://www.orangecenter.bg/media/catalog/product/cache/bdc2c78f7e06003a3c29bc34b94b23a8/v/e/veshterat-kniga-6-kulata-na-lyastovitsata-9789542826200.jpg,y
Господарката на езерото,Вещерът,Андрей Сапковски,Ciela,2018,9789542826729,https://www.orangecenter.bg/media/catalog/product/cache/bdc2c78f7e06003a3c29bc34b94b23a8/v/e/veshterat-kniga-7-gospodarkata-na-ezeroto-9789542826729.jpg,y
Кръстопътят на гарваните,Вещерът,Андрей Сапковски,Ciela,2025,https://cdn.ozone.bg/media/catalog/product/cache/1/image/a4e40ebdc3e371adff845072e1c73f37/v/e/051ff140baf38c830f36f10588704ffe/veshterat--krastopatyat-na-garvanite-30.jpg
Сезонът на бурите,Вещерът,Андрей Сапковски,Ciela,2025,https://cdn.ozone.bg/media/catalog/product/cache/1/image/a4e40ebdc3e371adff845072e1c73f37/v/e/6678a28b2d4b1082e748e3ddbd6ea7c6/sezonat-na-burite-veshterat---tsvetni-porezki-30.jpg
Империя в черно и златно,Сянката на умелите,Ейдриън Чайковски,Bard,2010,9789546551177,https://assets2.chitanka.info/thumb/book-cover/18/6338.max.jpg,y
Разединени равнини,Сянката на умелите,Ейдриън Чайковски,Bard,2010,9789546551665,https://assets2.chitanka.info/thumb/book-cover/18/6339.max.jpg,y
Кръвта на богомолката,Сянката на умелите,Ейдриън Чайковски,Bard,2011,9789546551948,https://assets2.chitanka.info/thumb/book-cover/18/6340.max.jpg,y
Поглед в мрака,Сянката на умелите,Ейдриън Чайковски,Bard,2012,9789546552952,https://assets2.chitanka.info/thumb/book-cover/1c/7404.max.jpg,y
Worldbinder,The Runelords,David Farland,Tor Fantasy,2007,9780765316653,https://encrypted-tbn1.gstatic.com/images?q=tbn:ANd9GcTNultsaoyzhtKSdJggI6jI5O06rSrcIUKIOU9ZJsDvnxojIxM3
Queen of shadows,The throne of glass,Sarah J. Maas,Bloomsbury,2015,9781408858615,https://cdn.ozone.bg/media/catalog/product/cache/1/image/a4e40ebdc3e371adff845072e1c73f37/q/u/c600a94231088ddfab718f3b0b4bacb8/queen-of-shadows-30.jpg,y
Empire of storms,The throne of glass,Sarah J. Maas,Bloomsbury,2016,9781408872895,https://cdn.ozone.bg/media/catalog/product/cache/1/image/a4e40ebdc3e371adff845072e1c73f37/e/m/13f0cef8406f0da28aba90fea3f91cad/empire-of-storms-30.jpg,y
Kingdom of ash,The throne of glass,Sarah J. Maas,Bloomsbury,2018,9781408872918,https://cdn.ozone.bg/media/catalog/product/cache/1/image/a4e40ebdc3e371adff845072e1c73f37/k/i/ae8198378356021c7e82c00806d54fe7/kingdom-of-ash-30.jpg,y
Огнената наследница,Стъкленият трон,Сара Дж. Маас,Егмонт,2015,9789542713517,https://assets2.chitanka.info/thumb/book-cover/26/9977.max.jpg,y
Среднощна корона,Стъкленият трон,Сара Дж. Маас,Егмонт,2014,9789542712176,https://assets2.chitanka.info/thumb/book-cover/25/9720.max.jpg,y
Стъкленият трон,Стъкленият трон,Сара Дж. Маас,Егмонт,2014,9789542711667,https://assets2.chitanka.info/thumb/book-cover/25/9595.max.jpg,y
Кулата на зората,Стъкленият трон,Сара Дж. Маас,Егмонт,2018,9789542721413,https://assets2.chitanka.info/thumb/book-cover/2c/11324.max.jpg,y
Кралица на сенките,Стъкленият трон,Сара Дж. Маас,Егмонт,2022,https://assets2.chitanka.info/thumb/book-cover/2b/11009.max.jpg,y
Кралство на пепелта,Стъкленият трон,Сара Дж. Маас,Егмонт,2022,https://www.ciela.com/media/catalog/product/cache/32bb0748c82325b02c55df3c2a9a9856/k/r/kralstvo-na-pepelta-sara-dj-maas-egmont-9789542722755.jpg,y
Короносната кула,Хрониките на Ририя,Майкъл Дж Съливан,MBG Books,2014,9789542989592,https://assets2.chitanka.info/thumb/book-cover/24/9272.max.jpg,y
Розата и бодилът,Хрониките на Ририя,Майкъл Дж Съливан,MBG Books,2014,9789542989608,https://assets2.chitanka.info/thumb/book-cover/24/9279.max.jpg,y
Ренесанс,Орденът на асасините,Оливър Боудън,Ера,2010,9789543890897,https://assets2.chitanka.info/thumb/book-cover/1b/6930.max.jpg
Черният флаг,Орденът на асасините,Оливър Боудън,Ера,2014,9789543892808,https://assets2.chitanka.info/thumb/book-cover/24/9386.max.jpg
Възмездие,Орденът на асасините,Оливър Боудън,Ера,2013,9789543892402,https://assets2.chitanka.info/thumb/book-cover/1e/7681.max.jpg
Прозрение,Орденът на асасините,Оливър Боудън,Ера,2012,9789543892112,https://assets2.chitanka.info/thumb/book-cover/1b/6933.max.jpg
Тайният кръстоносен поход,Орденът на асасините,Оливър Боудън,Ера,2011,9789543891900,https://assets2.chitanka.info/thumb/book-cover/1b/6932.max.jpg
Братството,Орденът на асасините,Оливър Боудън,Ера,2011,9789543891283,https://assets2.chitanka.info/thumb/book-cover/1b/6931.max.jpg
Даровете всечовешки,Повелителите на руните,Дейвид Фарланд,Bard,2002,9789545854022,https://assets2.chitanka.info/thumb/book-cover/1e/7771.max.jpg,y
Вълчето братство,Повелителите на руните,Дейвид Фарланд,Bard,2002,9789545854049,https://assets2.chitanka.info/thumb/book-cover/0a/2601.max.jpg,y
Родена Магьосница,Повелителите на руните,Дейвид Фарланд,Bard,2003,9789545854154,https://assets2.chitanka.info/thumb/book-cover/0a/2602.max.jpg,y
Леговище от кости,Повелителите на руните,Дейвид Фарланд,Bard,2003,9789545854715,https://assets2.chitanka.info/thumb/book-cover/0a/2603.max.jpg,y
Лунните градини,Мазаланска книга на мъртвите,Стивън Ериксън,Bard,2004, ,https://assets2.chitanka.info/thumb/book-cover/0d/3436.max.jpg
Дверите на скръбния дом,Мазаланска книга на мъртвите,Стивън Ериксън,Bard,2004,https://assets2.chitanka.info/thumb/book-cover/0c/3288.max.jpg
Спомени от лед,Мазаланска книга на мъртвите,Стивън Ериксън,Bard,2005,https://assets2.chitanka.info/thumb/book-cover/0c/3115.250.jpg
Дом на вериги,Мазаланска книга на мъртвите,Стивън Ериксън,Bard,2005,https://assets2.chitanka.info/thumb/book-cover/0c/3153.250.jpg
Среднощни приливи,Мазаланска книга на мъртвите,Стивън Ериксън,Bard,2006,https://assets2.chitanka.info/thumb/book-cover/0c/3175.max.jpg
Ловци на кости,Мазаланска книга на мъртвите,Стивън Ериксън,Bard,2007,9789545857928,https://assets2.chitanka.info/thumb/book-cover/0d/3563.max.jpg
Вихърът на жътваря,Мазаланска книга на мъртвите,Стивън Ериксън,Bard,2008,9789545859218,https://assets2.chitanka.info/thumb/book-cover/0e/3613.max.jpg
Дан на хрътките,Мазаланска книга на мъртвите,Стивън Ериксън,Bard,2009,9789546550118,https://assets2.chitanka.info/thumb/book-cover/0f/4018.max.jpg
Прах от мечти,Мазаланска книга на мъртвите,Стивън Ериксън,Bard,2010,9789546551535,https://assets2.chitanka.info/thumb/book-cover/13/4894.max.jpg
Сакатият бог,Мазаланска книга на мъртвите,Стивън Ериксън,Bard,2011,9789546552495,https://assets2.chitanka.info/thumb/book-cover/15/5577.max.jpg
Безучастният бог,Свидетеля,Стивън Ериксън,Bard,2026,https://cdn.ozone.bg/media/catalog/product/cache/1/image/a4e40ebdc3e371adff845072e1c73f37/b/e/dac88f1470e264e5bc76aeac7d471a4e/bezuchastniyat-bog-svidetelya-1-30.jpg
Няма забравени,Свидетеля,Стивън Ериксън,Bard,2026,https://cdn.ozone.bg/media/catalog/product/cache/1/image/a4e40ebdc3e371adff845072e1c73f37/n/y/8f0f78c174c67fb26317b93f9c9fb20b/nyama-zabraveni-svidetelya-2-30.jpg
Гореста на танцьора,Пътят на безсмъртието,Иън К. Есълмонт,Artline Studios,2026,https://cdn.ozone.bg/media/catalog/product/cache/1/image/a4e40ebdc3e371adff845072e1c73f37/g/o/a1903c458ea59bf41d605f1ad37205a7/gorestta-na-tantsyora-patyat-kam-bezsmartieto-1---tvarda-koritsa-30.jpg
Игра на тронове,Песен за огън и лед,Джордж Р.Р. Мартин,Bard,2002,9789545852933,https://assets2.chitanka.info/thumb/book-cover/05/1349.max.jpg,y
Сблъсък на крале,Песен за огън и лед,Джордж Р.Р. Мартин,Bard,2002,9789545852992,https://assets2.chitanka.info/thumb/book-cover/05/1350.max.jpg,y
Вихър от мечове,Песен за огън и лед,Джордж Р.Р. Мартин,Bard,2002,9789545853107,https://assets2.chitanka.info/thumb/book-cover/07/1810.max.jpg,y
Пир за врани,Песен за огън и лед,Джордж Р.Р. Мартин,Bard,2006,9789545859649,https://assets2.chitanka.info/thumb/book-cover/05/1520.max.jpg,y
Танц с дракони,Песен за огън и лед,Джордж Р.Р. Мартин,Bard,2011,9789546552655,https://assets2.chitanka.info/thumb/book-cover/15/5576.max.jpg,y
Светът на огън и лед,Джордж Р.Р. Мартин,Ciela,2014,9789542816355,https://www.ciela.com/media/catalog/product/cache/32bb0748c82325b02c55df3c2a9a9856/c/o/cover-icefire-m_2_.jpg,y
Наследството,Наследството,Кристофъп Паолини,Хермес,2011,9789542611615,https://assets2.chitanka.info/thumb/book-cover/18/6394.max.jpg,y
Ерагон,Наследството,Кристофъп Паолини,Хермес,2006,9789542604839,https://assets2.chitanka.info/thumb/book-cover/07/1797.max.jpg,y
Първородният,Наследството,Кристофъп Паолини,Хермес,2007,9789542604846,https://assets2.chitanka.info/thumb/book-cover/10/4157.max.jpg,y
Бризингър,Наследството,Кристофъп Паолини,Хермес,2009,9789542607991,https://assets2.chitanka.info/thumb/book-cover/10/4158.max.jpg,y
Фуриите на Калдерон,Кодексът на Алера,Джим Бъчър,Colibri,2013,9786191500673,https://assets2.chitanka.info/thumb/book-cover/1e/7776.max.jpg,y
Фурията на академа,Кодексът на Алера,Джим Бъчър,Colibri,2014,9786191502417,https://assets2.chitanka.info/thumb/book-cover/25/9485.max.jpg,y
Марсианецът,Анди Уеър,Bard,2014,9789546554789,https://assets2.chitanka.info/thumb/book-cover/24/9439.max.jpg,y
Артемида,Анди Уеър,Bard,2018,9789546558251,https://knizhen-pazar.net/books/294/29429/2942993.jpg
Проектът Аве Мария,Анди Уеър,Bard,2021,https://cdn.ozone.bg/media/catalog/product/cache/1/image/a4e40ebdc3e371adff845072e1c73f37/p/r/7d8c24bd80b87e3ef435a0a1ac91331d/proektat-ave-mariya-30.jpg,y
Принцът на тръните,Разделената империя,Марк Лорънс,Bard,2013,9789546554246,https://assets2.chitanka.info/thumb/book-cover/22/8945.max.jpg,y
Кралят на тръните,Разделената империя,Марк Лорънс,Bard,2013,9789546554376,https://assets2.chitanka.info/thumb/book-cover/22/8948.max.jpg,y
Императорът на тръните,Разделената империя,Марк Лорънс,Bard,2014,9789546554987,https://assets2.chitanka.info/thumb/book-cover/24/9446.max.jpg,y
Ключът на лъжеца,Войната на червената кралица,Марк Лорънс,Bard,2017,9789546557254,https://assets2.chitanka.info/thumb/book-cover/2a/10783.max.jpg
Бремето на кръвта,Книга за полуорките,Дейвид Далглиш,MBG Books,2016,9789542989766,https://www.ciela.com/media/catalog/product/cache/32bb0748c82325b02c55df3c2a9a9856/b/r/bremeto.jpg,y
Цената на измяната,Книга за полуорките,Дейвид Далглиш,MBG Books,2016,9789542989783,https://www.ciela.com/media/catalog/product/cache/32bb0748c82325b02c55df3c2a9a9856/2/0/200559_b.jpg,y
Погинали обещания,Книга за полуорките,Дейвид Далглиш,MBG Books,2016,9789542989806,https://www.ciela.com/media/catalog/product/cache/32bb0748c82325b02c55df3c2a9a9856/2/0/201597_b.jpg,y
Подобие на милост,Книга за полуорките,Дейвид Далглиш,MBG Books,2016,9789542989790,https://www.ciela.com/media/catalog/product/cache/32bb0748c82325b02c55df3c2a9a9856/2/0/203159_b.jpg,y
Частица изкупление,Книга за полуорките,Дейвид Далглиш,MBG Books,2017,9789542989813,https://i3.helikon.bg/products/5942/20/205942/205942_b.jpg?t=1680517949,y
Лъжите на Локи Ламора,Джентълмените копелета,Скот Линч,Рива,2008,9789543205325,https://assets2.chitanka.info/thumb/book-cover/1f/8123.max.jpg,y
Червени морета под червени небета,Джентълмените копелета,Скот Линч,Рива,2010,9789543203215,https://assets2.chitanka.info/thumb/book-cover/21/8569.max.jpg,y
Републиката на крадците,Джентълмените копелета,Скот Линч,Рива,2015,9789543205318,https://assets2.chitanka.info/thumb/book-cover/28/10467.max.jpg,y
Метро 2035,Дмитрий Глуховски,Ciela,2016,9789542820550,https://assets2.chitanka.info/thumb/book-cover/29/10710.max.jpg
Метро 2034,Дмитрий Глуховски,Ciela,2010,9789542807148,https://assets2.chitanka.info/thumb/book-cover/1a/6902.max.jpg
Метро 2033,Дмитрий Глуховски,Ciela,2008,9789542802396,https://assets2.chitanka.info/thumb/book-cover/0c/3164.250.jpg,y
Отсенки от себе си,Мъглороден,Брандън Сандерсън,Artline Studios,2017,9786191930883,https://assets2.chitanka.info/thumb/book-cover/2c/11312.max.jpg,y
Оковите на скръбта,Мъглороден,Брандън Сандерсън,Artline Studios,2018,9786191931194,https://biblioman.chitanka.info/thumb/covers/6/7/1/3/6713-5b5c5e9832649.1000.jpg/%D0%9E%D0%BA%D0%BE%D0%B2%D0%B8%D1%82%D0%B5_%D0%BD%D0%B0_%D1%81%D0%BA%D1%80%D1%8A%D0%B1%D1%82%D0%B0-front-1000px.jpg,y
Сплавта на закона,Мъглороден,Брандън Сандерсън,Artline Studios,2011,9789546552624,https://assets2.chitanka.info/thumb/book-cover/1a/6769.max.jpg,y
Изгубеният метал,Мъглороден,Брандън Сандерсън,Artline Studios,2023,9786191933051,https://cdn.ozone.bg/media/catalog/product/cache/1/image/a4e40ebdc3e371adff845072e1c73f37/m/a/552f6fd519f8ec92794536ce13739c5d/magloroden-uaks-i-ueyn-4--izgubeniyat-metal-30.jpg,y
Последната империя,Мъглороден,Брандън Сандерсън,Bard,2010,9789546551238,https://assets2.chitanka.info/thumb/book-cover/0d/3421.max.jpg,y
Кладенецът на възнесението,Мъглороден,Брандън Сандерсън,Bard,2010,9789546551467,https://assets2.chitanka.info/thumb/book-cover/11/4429.max.jpg,y
Героят на времето,Мъглороден,Брандън Сандерсън,Bard,2011,9789546551863,https://assets2.chitanka.info/thumb/book-cover/11/4432.max.jpg,y
Пътят на кралете,Летописите на светлината на бурята,Брандън Сандерсън,Artline Studios,2012,9789542908616,https://assets2.chitanka.info/thumb/book-cover/1a/6887.max.jpg,y
Сияйни слова,Летописите на светлината на бурята,Брандън Сандерсън,Artline Studios,2014,9786191930036,https://assets2.chitanka.info/thumb/book-cover/24/9435.max.jpg,y
Заклеващия,Летописите на светлината на бурята,Брандън Сандерсън,Artline Studios,2017,9786191931101,https://assets2.chitanka.info/thumb/book-cover/2a/10798.max.jpg,y
Ритъмът на войната,Летописите на светлината на бурята,Брандън Сандерсън,Artline Studios,2020,9786191932023,https://cdn.ozone.bg/media/catalog/product/cache/1/image/a4e40ebdc3e371adff845072e1c73f37/r/i/a542f7b77cbca7f527573f98d07921f5/ritamat-na-voynata-letopisite-na-svetlinata-na-buryata-4---tvardi-koritsi-30.jpg,y
Спиращият войната,Брандън Сандерсън,Bard,2014,9789546554642,https://assets2.chitanka.info/thumb/book-cover/24/9440.max.jpg,y
Стоманено сърце,Възмездителите,Брандън Сандерсън,Artline Studios,2013,9789542908692,https://assets2.chitanka.info/thumb/book-cover/1e/7725.max.jpg,y
Зарево,Възмездителите,Брандън Сандерсън,Artline Studios,2015,9786191930173,https://assets2.chitanka.info/thumb/book-cover/28/10426.max.jpg,y
Злочестие,Възмездителите,Брандън Сандерсън,Artline Studios,2016,9786191930456,https://assets2.chitanka.info/thumb/book-cover/29/10705.max.jpg,y
Бял пясък,Брандън Сандерсън,Artline Studios,2017,9786191930890,https://cdn.ozone.bg/media/catalog/product/cache/1/image/a4e40ebdc3e371adff845072e1c73f37/b/y/fe21811ea0c97b8b0f5c29b6f72162e4/byal-pyasak-30.jpg,y
Легион на една ръка разстояние,Брандън Сандерсън,Artline Studios,2017,9786191930876,https://www.ciela.com/media/catalog/product/cache/32bb0748c82325b02c55df3c2a9a9856/_/-/_-__274.jpg
Арканум Необуздан,Брандън Сандерсън,Artline Studios,2022,9786191932597,https://cdn.ozone.bg/media/catalog/product/cache/1/image/a4e40ebdc3e371adff845072e1c73f37/a/r/671f7cf4a26bc485749256f35570efe0/arkanum--neobuzdan-kolektsiyata-za-kosmera-30.jpg
Елантрис,Брандън Сандерсън,Bard,2012,9789546553102,https://assets2.chitanka.info/thumb/book-cover/1a/6770.max.jpg,y
Душата на императора,Брандън Сандерсън,Artline Studios,2017,9786191930791,https://i2.helikon.bg/products/5943/20/205943/205943_b.jpg?t=1708262199,y
Към небето,Към небето,Брандън Сандерсън,Artline Studios,2019,9786191931477,https://cdn.ozone.bg/media/catalog/product/cache/1/image/a4e40ebdc3e371adff845072e1c73f37/k/a/b325866176970eb65e2779f14f51deeb/kam-nebeto-e-kniga-30.jpg,y
Към звездите,Към небето,Брандън Сандерсън,Artline Studios,2020,9786191931941,https://cdn.ozone.bg/media/catalog/product/cache/1/image/a4e40ebdc3e371adff845072e1c73f37/k/a/77cd7eaf733c77eda791d1ec40eaca45/kam-zvezdite-kam-nebeto-2---luksozni-koritsi-30.jpg,y
Към никъде,Към небето,Брандън Сандерсън,Artline Studios,2021,9786191932450,https://cdn.ozone.bg/media/catalog/product/cache/1/image/a4e40ebdc3e371adff845072e1c73f37/k/a/a02ddb4fd4f12954ab85cbc62a988983/kam-nebeto-3--kam-nikade-e-kniga-30.jpg,y
Към края,Към небето,Брандън Сандерсън,Artline Studios,2024,9786191933594,https://cdn.ozone.bg/media/catalog/product/cache/1/image/a4e40ebdc3e371adff845072e1c73f37/k/a/de52ad9b37d3317e756c2ba93cb43b1b/kam-kraya-kam-nebeto-4---luksozni-koritsi-30.jpg,y
Infinity Blade - Пробуждане,Infinity Blade,Брандън Сандерсън,Artline Studios,2019,9786191931521,https://www.ciela.com/media/catalog/product/cache/32bb0748c82325b02c55df3c2a9a9856/i/n/infinity-blade-probujdane-artline.jpg
Infinity Blade - Изкупление,Infinity Blade,Брандън Сандерсън,Artline Studios,2020,9786191931781,https://cdn.ozone.bg/media/catalog/product/cache/1/image/a4e40ebdc3e371adff845072e1c73f37/i/n/a27771c39cce5b6f3991deca0a1d0547/infinity-blade-2--izkuplenie-30.jpg
Трес от смарагдово море,Брандън Сандерсън,Artline Studios,2023,9786191933532,https://cdn.ozone.bg/media/catalog/product/cache/1/image/a4e40ebdc3e371adff845072e1c73f37/t/r/f4bbeee724121532a47315ac64b5c9f5/tres-ot-smaragdovo-more-30.jpg
Децата на безименните,Брандън Сандерсън,Artline Studios,2020,9786191932115,https://cdn.ozone.bg/media/catalog/product/cache/1/image/a4e40ebdc3e371adff845072e1c73f37/d/e/3e0ab3776c09eb1f38339ce99138bff8/detsa-na-bezimennite-30.jpg
Озареният,Брандън Сандерсън,Artline Studios,2024,https://cdn.ozone.bg/media/catalog/product/cache/1/image/a4e40ebdc3e371adff845072e1c73f37/o/z/04c59c8acad99b6e1611c0d79b81c969/ozareniya-30.jpg
Пътят на кралете,Летописите на светлината на бурята,Брандън Сандерсън,Artline Studios,2024,https://cdn.ozone.bg/media/catalog/product/cache/1/image/a4e40ebdc3e371adff845072e1c73f37/p/a/5042382d3e5e8c4ed91ed85635c500a5/patyat-na-kralete-letopisite-na-svetlinata-na-buryata-1---limitirano-izdanie-30.jpg,y
Сияйни слова,Летописите на светлината на бурята,Брандън Сандерсън,Artline Studios,2024,https://cdn.ozone.bg/media/catalog/product/cache/1/image/a4e40ebdc3e371adff845072e1c73f37/s/i/a3e3b3dc86c9c2514269eff8b07c7231/siyayni-slova-letopisite-na-svetlinata-na-buryata-2---limitirano-izdanie-30.jpg,y
Заклеващия,Летописите на светлината на бурята,Брандън Сандерсън,Artline Studios,2024,https://cdn.ozone.bg/media/catalog/product/cache/1/image/a4e40ebdc3e371adff845072e1c73f37/z/a/c5f16f59a6a7cbd769395d0438cf1b34/zaklevashtiya-letopisite-na-svetlinata-na-buryata-3---limitirano-izdanie-30.jpg,y
Ритъмът на войната,Летописите на светлината на бурята,Брандън Сандерсън,Artline Studios,2024,https://cdn.ozone.bg/media/catalog/product/cache/1/image/a4e40ebdc3e371adff845072e1c73f37/r/i/36a4cd71acdd072058917f616609da53/ritamat-na-voynata-letopisite-na-svetlinata-na-buryata-4---limitirano-izdanie-30.jpg,y
Отломък от зората,Брандън Сандерсън,Artline Studios,2024,https://cdn.ozone.bg/media/catalog/product/cache/1/image/a4e40ebdc3e371adff845072e1c73f37/o/t/01e80cfad4eeb7862dad4b4d27c14eff/otlomak-ot-zorata-e-kniga-30.jpg
Наръчник на пестеливия магьосник за оцеляване в средновековна англия,Брандън Сандерсън,Artline Studios,2024,https://cdn.ozone.bg/media/catalog/product/cache/1/image/a4e40ebdc3e371adff845072e1c73f37/n/a/0a0698048bb2b1bc5a16e53bb92db7af/narachnik-na-pesteliviya-magyosnik-za-otselyavane-v-srednovekovna-angliya-30.jpg,y
Юми и художникът на кошмари,Брандън Сандерсън,Artline Studios,2024,https://cdn.ozone.bg/media/catalog/product/cache/1/image/a4e40ebdc3e371adff845072e1c73f37/y/u/348530064dd905d8e549385416ae0541/yumi-i-hudozhnikat-na-koshmari-30.jpg,y
Танцуваща по ръба,Брандън Сандерсън,Artline Studios,2024,https://cdn.ozone.bg/media/catalog/product/cache/1/image/a4e40ebdc3e371adff845072e1c73f37/t/a/ceafdfd81b4ef81b3c1b21b3792c9b41/tantsuvashta-po-raba-30.jpg,y
Тъмните му материи,Филип Пулман,Bard,2021,9789545859960,https://cdn.ozone.bg/media/catalog/product/cache/1/image/a4e40ebdc3e371adff845072e1c73f37/t/a/0e76e3ce83301cd105db3f0a4ff3f9c4/tamnite-mu-materii-palno-izdanie-30.jpg,y
Софийски магьосници,Софийски магьосници,Мартин Колев,Ciela,2017,9789542823339,https://biblioman.chitanka.info/thumb/covers/2/0/5/5/2055-592961cbe305d.1000.jpg/%D0%A1%D0%BE%D1%84%D0%B8%D0%B9%D1%81%D0%BA%D0%B8_%D0%BC%D0%B0%D0%B3%D1%8C%D0%BE%D1%81%D0%BD%D0%B8%D1%86%D0%B8-front-1000px.jpg,y
В сърцето на Странджа,Софийски магьосници,Мартин Колев,Ciela,2018,9789542825777,https://biblioman.chitanka.info/thumb/covers/5/9/0/2/5902-5b07e4f22b77e.1000.jpg/%D0%92_%D1%81%D1%8A%D1%80%D1%86%D0%B5%D1%82%D0%BE_%D0%BD%D0%B0_%D0%A1%D1%82%D1%80%D0%B0%D0%BD%D0%B4%D0%B6%D0%B0-front-1000px.jpg,y
Вещиците от Витоша,Софийски магьосници,Мартин Колев,Ciela,2021,9789542837473,https://biblioman.chitanka.info/thumb/covers/1/3/1/4/11314-5dcb91d8e7e36.1000.jpg/%D0%92%D0%B5%D1%89%D0%B8%D1%86%D0%B8%D1%82%D0%B5_%D0%BE%D1%82_%D0%92%D0%B8%D1%82%D0%BE%D1%88%D0%B0-front-1000px.jpg,y
Заветното заклинание,Софийски магьосници,Мартин Колев,Ciela,2019,9789542829515,https://biblioman.chitanka.info/thumb/covers/7/0/1/2/17012-626e776eb6d63.1000.jpg/%D0%97%D0%B0%D0%B2%D0%B5%D1%82%D0%BD%D0%BE%D1%82%D0%BE_%D0%B7%D0%B0%D0%BA%D0%BB%D0%B8%D0%BD%D0%B0%D0%BD%D0%B8%D0%B5-front-1000px.jpg,y
Елмазеният дворец,Спомен за пламъци,Стивън Диас,Artline Studios,2014,9789542908821,https://artline-store.net/userfiles/productlargeimages/product_143.jpg
Аз съм номер четири,Заветите на Лориен,Питакъс Лор,Колибри,2011,9789545298462,https://biblioman.chitanka.info/thumb/covers/0/7/5/2/752-587cebb88acae.1000.jpg/%D0%90%D0%B7_%D1%81%D1%8A%D0%BC_%D0%BD%D0%BE%D0%BC%D0%B5%D1%80_%D0%A7%D0%B5%D1%82%D0%B8%D1%80%D0%B8-front-1000px.jpg,y
Възходът на номер девет,Заветите на Лориен,Питакъс Лор,Колибри,2011,9789545299537,https://biblioman.chitanka.info/thumb/covers/0/7/5/3/753-587cee1443db4.1000.jpg/%D0%A1%D0%B8%D0%BB%D0%B0%D1%82%D0%B0_%D0%BD%D0%B0_%D1%88%D0%B5%D1%81%D1%82%D0%B8%D0%BC%D0%B0%D1%82%D0%B0-front-1000px.jpg,y
Силата на шестимата,Заветите на Лориен,Питакъс Лор,Колибри,2014,9786191503711,https://biblioman.chitanka.info/thumb/covers/0/7/5/4/754-587cefb45f8d4.1000.jpg/%D0%92%D1%8A%D0%B7%D1%85%D0%BE%D0%B4%D1%8A%D1%82_%D0%BD%D0%B0_%D0%BD%D0%BE%D0%BC%D0%B5%D1%80_%D0%94%D0%B5%D0%B2%D0%B5%D1%82-front-1000px.jpg,y
Легендата,Легендата,Мари Лу,Хермес,2014,9789542612803,https://biblioman.chitanka.info/thumb/covers/0/4/1/0/10410-5d1bf24110353.1000.jpg/%D0%9B%D0%B5%D0%B3%D0%B5%D0%BD%D0%B4%D0%B0%D1%82%D0%B0-front-1000px.jpg,y
Феноменът,Легендата,Мари Лу,Хермес,2014,9789542613657,https://biblioman.chitanka.info/thumb/covers/0/4/1/1/10411-5d1bf3220d3ff.1000.jpg/%D0%A4%D0%B5%D0%BD%D0%BE%D0%BC%D0%B5%D0%BD%D1%8A%D1%82-front-1000px.jpg,y
Героят,Легендата,Мари Лу,Хермес,2015,9789542614104,https://biblioman.chitanka.info/thumb/covers/0/4/1/2/10412-5d1bf39add442.1000.jpg/%D0%93%D0%B5%D1%80%D0%BE%D1%8F%D1%82-front-1000px.jpg,y
Време на промени,Робърт Силвърбърг,Bard,1993, ,https://biblioman.chitanka.info/thumb/covers/0/9/8/2/982-588cbdef2bb29.1000.jpg/%D0%92%D1%80%D0%B5%D0%BC%D0%B5_%D0%BD%D0%B0_%D0%BF%D1%80%D0%BE%D0%BC%D0%B5%D0%BD%D0%B8-front-1000px.jpg
Пустош,Роджър Зелазни/Джералд Хосмън,Лира Принт,1999,978954861040Х,https://biblioman.chitanka.info/thumb/covers/0/7/9/3/793-588128c99255c.1000.jpg/%D0%9F%D1%83%D1%81%D1%82%D0%BE%D1%88-front-1000px.jpg
Дилвиш прокълнатия,Роджър Зелазни,Изток Запад,2025,https://cdn.ozone.bg/media/catalog/product/cache/1/image/a4e40ebdc3e371adff845072e1c73f37/d/i/f4ddbcef6dcf8fc54bc6c283717d3187/dilvish-prokalnatiya-30.jpg
Камъните на елфите,Тери Брукс,ИнфоДар
Потомците на Шанара,Наследството на Шанара,Тери Брукс,ИнфоДар,2008,9789547613836,https://knizhen-pazar.net/books/137/13704/1370461.jpg?size=21412
Песента на Шанара,Трилогия за Шанара,Тери Брукс,ИнфоДар,2008,9789547613379,https://knizhen-pazar.net/books/330/33063/3306374.jpg?size=26371
Легенда,Сага за Дренай,Дейвид Гемел,ИнфоДар,2010,9789547614314,https://biblioman.chitanka.info/thumb/covers/8/5/2/0/8520-5c38fbd644d54.1000.jpg/%D0%9B%D0%B5%D0%B3%D0%B5%D0%BD%D0%B4%D0%B0-front-1000px.jpg
Кралят отвъд портата,Сага за Дренай,Дейвид Гемел,ИнфоДар,2011,9789547614901,https://biblioman.chitanka.info/thumb/covers/8/5/2/1/8521-5c390a5825d46.1000.jpg/%D0%9A%D1%80%D0%B0%D0%BB%D1%8F%D1%82_%D0%BE%D1%82%D0%B2%D1%8A%D0%B4_%D0%BF%D0%BE%D1%80%D1%82%D0%B0%D1%82%D0%B0-front-1000px.jpg
Меч в бурята,Риганте,Дейвид Гемел,Bard,2016,9789546556592,https://assets2.chitanka.info/thumb/book-cover/29/10719.max.jpg
Хобит,Дж. Р. Р. Толкин,Bard,2010,9789545859021,https://biblioman.chitanka.info/thumb/covers/6/8/0/8/16808-622afe4a75d76.1000.jpg/%D0%A5%D0%BE%D0%B1%D0%B8%D1%82-front-1000px.jpg
Децата на Хурин,Дж. Р. Р. Толкин,Bard,2007,9786545858314,https://biblioman.chitanka.info/thumb/covers/9/0/4/6/9046-5c7b92303a735.1000.jpg/%D0%A0%D0%B0%D0%B7%D0%BA%D0%B0%D0%B7_%D0%B7%D0%B0_%D0%94%D0%B5%D1%86%D0%B0%D1%82%D0%B0_%D0%BD%D0%B0_%D0%A5%D1%83%D1%80%D0%B8%D0%BD-front-1000px.jpg
Недовършени предания,Дж. Р. Р. Толкин,Bard,2014,9789545841699,https://biblioman.chitanka.info/thumb/covers/7/7/3/8/17738-633d1b41880d3.1000.jpg/%D0%9D%D0%B5%D0%B4%D0%BE%D0%B2%D1%8A%D1%80%D1%88%D0%B5%D0%BD%D0%B8_%D0%BF%D1%80%D0%B5%D0%B4%D0%B0%D0%BD%D0%B8%D1%8F-front-1000px.jpg
Силмарилион,Дж. Р. Р. Толкин,Bard,2010,9789545859021,https://cdn.ozone.bg/media/catalog/product/cache/1/image/a4e40ebdc3e371adff845072e1c73f37/s/i/bb8fabe703fb77374370f240fef9adbd/silmarilion-31.jpg
Властелинът на пръстените,Дж.Р. Р. Толкин,Bard,2001,9789545850663,https://assets2.chitanka.info/thumb/book-cover/16/5807.max.jpg
Пет фентъзи разказа,Дж. Р. Р. Толкин,Прозорец,2010,9789547336872,https://assets2.chitanka.info/thumb/book-cover/28/10338.max.jpg
Падението на Нуменор,Дж. Р. Р. Толкин,Bard,2026,https://cdn.ozone.bg/media/catalog/product/cache/1/image/a4e40ebdc3e371adff845072e1c73f37/p/a/3dd3bff67df0a0b695fa1edcd98ddd71/padenieto-na-numenor-30.jpg
Падането на Гондолин,Дж. Р. Р. Толкин,Bard,2019,https://cdn.ozone.bg/media/catalog/product/cache/1/image/a4e40ebdc3e371adff845072e1c73f37/p/a/5d16f1a310c4ed48c5567b2f4db7d02f/padaneto-na-gondolin-30.jpg
Сянка и кост,Вселената Гриша,Лий Бардуго,Егмонт,2013,9789542709367,https://biblioman.chitanka.info/thumb/covers/3/8/1/3/13813-5f803bb7c2414.1000.jpg/%D0%A1%D1%8F%D0%BD%D0%BA%D0%B0_%D0%B8_%D0%BA%D0%BE%D1%81%D1%82-front-1000px.jpg,y
Престол и щурм,Вселената Гриша,Лий Бардуго,Егмонт,2013,9789542709893,https://biblioman.chitanka.info/thumb/covers/3/8/5/7/13857-5f874d326b0bb.1000.jpg/%D0%9F%D1%80%D0%B5%D1%81%D1%82%D0%BE%D0%BB_%D0%B8_%D1%89%D1%83%D1%80%D0%BC-front-1000px.jpg,y
Падение и подем,Вселената Гриша,Лий Бардуго,Егмонт,2014,9789542712947,https://biblioman.chitanka.info/thumb/covers/3/8/5/8/13858-5f874f424471a.1000.jpg/%D0%9F%D0%B0%D0%B4%D0%B5%D0%BD%D0%B8%D0%B5_%D0%B8_%D0%BF%D0%BE%D0%B4%D0%B5%D0%BC-front-1000px.jpg,y
Четирите цвята на магията,Цветовете на магията,В. Е. Шуаб,Емас,2017,9789543573547,https://biblioman.chitanka.info/thumb/covers/2/5/7/7/2577-5a7b40c6e981e.1000.jpg/%D0%A7%D0%B5%D1%82%D0%B8%D1%80%D0%B8%D1%82%D0%B5_%D1%86%D0%B2%D1%8F%D1%82%D0%B0_%D0%BD%D0%B0_%D0%BC%D0%B0%D0%B3%D0%B8%D1%8F%D1%82%D0%B0-front-1000px.jpg,y
Сборище на сенки,Цветовете на магията,В. Е. Шуаб,Емас,2018,9789543573714,https://biblioman.chitanka.info/thumb/covers/5/3/7/0/5370-5acc89633876d.1000.jpg/%D0%A1%D0%B1%D0%BE%D1%80%D0%B8%D1%89%D0%B5_%D0%BD%D0%B0_%D1%81%D0%B5%D0%BD%D0%BA%D0%B8-front-1000px.jpg,y
Заклинание за светлина,Цветовете на магията,В. Е. Шуаб,Емас,2018,9789543573936,https://biblioman.chitanka.info/thumb/covers/8/3/4/0/8340-5c26667251046.1000.jpg/%D0%97%D0%B0%D0%BA%D0%BB%D0%B8%D0%BD%D0%B0%D0%BD%D0%B8%D0%B5_%D0%B7%D0%B0_%D1%81%D0%B2%D0%B5%D1%82%D0%BB%D0%B8%D0%BD%D0%B0-front-1000px.jpg,y
Невидимият живот на Ади Лару,В. Е. Шуаб,Емас,2025,https://cdn.ozone.bg/media/catalog/product/cache/1/image/a4e40ebdc3e371adff845072e1c73f37/n/e/5606c8e7b69dbcd2592db6245d29e46d/nevidimiyat-zhivot-na-adi-laru---s-tsvetni-porezki-30.jpg
Еринор, ,Стефан Козовски,Artline Studios,2019,9786191931552,https://i1.helikon.bg/products/1118/22/221118/221118_b.jpg?t=1680692503
Щурмът на рептилите,Вселенските повелители,Джейн Колдфайър,MBG Books,2016,9789542989837,https://i3.helikon.bg/products/3865/20/203865/203865_b.jpg?t=1680692503,y
Сблъсък между звездните дракони,Вселенските повелители,Джейн Колдфайър,MBG Books,2017,9789542989882,https://www.ciela.com/media/catalog/product/cache/32bb0748c82325b02c55df3c2a9a9856/f/i/file_78_1.jpg,y
Пътят на дракона,Кинжалът и монетата,Даниел Ейбрахам,Bard,2012,9789546553454,https://assets2.chitanka.info/thumb/book-cover/1a/6893.max.jpg
Кралска кръв,Кинжалът и монетата,Даниел Ейбрахам,Bard,2012,9789546553522,https://assets2.chitanka.info/thumb/book-cover/1b/6995.max.jpg
Леденият дракон,Джордж Р.Р. Мартин,Bard,2015,9789546555663,https://assets2.chitanka.info/thumb/book-cover/29/10529.max.jpg,y
Водопади на възмездието,История за Кети Джей,Крис Удинг,Artline Studios,2013,9789542908302,https://biblioman.chitanka.info/thumb/covers/0/6/7/3/10673-5d49d77c2ab0c.1000.jpg/%D0%92%D0%BE%D0%B4%D0%BE%D0%BF%D0%B0%D0%B4%D0%B8_%D0%BD%D0%B0_%D0%B2%D1%8A%D0%B7%D0%BC%D0%B5%D0%B7%D0%B4%D0%B8%D0%B5%D1%82%D0%BE-front-1000px.jpg,y
Тайните на Черния капитан,История за Кети Джей,Крис Удинг,Artline Studios,2013,9789542908609,https://biblioman.chitanka.info/thumb/covers/0/7/4/8/10748-5d582e5bbcfbf.1000.jpg/%D0%A2%D0%B0%D0%B9%D0%BD%D0%B8%D1%82%D0%B5_%D0%BD%D0%B0_%D0%A7%D0%B5%D1%80%D0%BD%D0%B8%D1%8F_%D0%BA%D0%B0%D0%BF%D0%B8%D1%82%D0%B0%D0%BD-front-1000px.jpg,y
Железния чакал,История за Кети Джей,Крис Удинг,Artline Studios,2015,9786191930265,https://biblioman.chitanka.info/thumb/covers/0/7/5/4/10754-5d58203e674b2.1000.jpg/%D0%96%D0%B5%D0%BB%D0%B5%D0%B7%D0%BD%D0%B8%D1%8F_%D1%87%D0%B0%D0%BA%D0%B0%D0%BB-front-1000px.jpg,y
Асо Черепи,История за Кети Джей,Крис Удинг,Artline Studios,2019,9786191931590,https://artline-store.net/userfiles/productlargeimages/product_772.jpg,y
Евърлес,Евърлес,Сара Холанд,Егмонт,2018,9789542722342,https://biblioman.chitanka.info/thumb/covers/8/5/8/8/8588-5c49bcefaa65e.1000.jpg/%D0%95%D0%B2%D1%8A%D1%80%D0%BB%D0%B5%D1%81-front-1000px.jpg
Евърмор,Евърлес,Сара Холанд,Егмонт,2019,9789542722984,https://biblioman.chitanka.info/thumb/covers/1/6/1/4/11614-5e1a08f286265.1000.jpg/%D0%95%D0%B2%D1%8A%D1%80%D0%BC%D0%BE%D1%80-front-1000px.jpg
Рицарят на Седемте кралства,Джордж Р.Р. Мартин,Bard,2013,9789546554314,https://biblioman.chitanka.info/thumb/covers/0/8/1/5/815-588330ba322ad.1000.jpg/%D0%A0%D0%B8%D1%86%D0%B0%D1%80%D1%8F%D1%82_%D0%BD%D0%B0_%D0%A1%D0%B5%D0%B4%D0%B5%D0%BC%D1%82%D0%B5_%D0%BA%D1%80%D0%B0%D0%BB%D1%81%D1%82%D0%B2%D0%B0-front-1000px.jpg,y
Крадеца на зората,Хрониките на гарваните,Джеймс Баркли,Bard,2007,9789545857874,https://assets2.chitanka.info/thumb/book-cover/07/1829.max.jpg,y
Мрак по пладне,Хрониките на гарваните,Джеймс Баркли,Bard,2007,9789545858161,https://www.ciela.com/media/catalog/product/cache/32bb0748c82325b02c55df3c2a9a9856/7/7/77898.jpeg,y
Детето на нощта,Хрониките на гарваните,Джеймс Баркли,Bard,2008,9789545859489,https://www.ciela.com/media/catalog/product/cache/32bb0748c82325b02c55df3c2a9a9856/7/8/78191.jpeg,y
Последният довод на кралете,Първият закон,Джо Абъркромби,Колибри,2011,9789545299186,https://assets2.chitanka.info/thumb/book-cover/15/5568.max.jpg,y
Преди да увиснат на въжето,Първият закон,Джо Абъркромби,Колибри,2011,9789545298790,https://assets2.chitanka.info/thumb/book-cover/13/4918.max.jpg,y
Гласът на острието,Първият закон,Джо Абъркромби,Колибри,2010,9789545298325,https://biblioman.chitanka.info/thumb/covers/8/1/5/9/18159-639e1c15c7071.1000.jpg/%D0%93%D0%BB%D0%B0%D1%81%D1%8A%D1%82_%D0%BD%D0%B0_%D0%BE%D1%81%D1%82%D1%80%D0%B8%D0%B5%D1%82%D0%BE-front-1000px.jpg,y
Малка омраза,Ерата на безумието,Джо Абъркромби,Ciela,2020,9789542833154,https://cdn.ozone.bg/media/catalog/product/cache/1/image/a4e40ebdc3e371adff845072e1c73f37/m/a/2146e97fbb76c19f51c9663199c50d2e/malka-omraza-erata-na-bezumieto-1-31.jpg
Неприятната страна на мира,Ерата на безумието,Джо Абъркромби,Ciela,2022,9789542840268,https://cdn.ozone.bg/media/catalog/product/cache/1/image/a4e40ebdc3e371adff845072e1c73f37/n/e/6a46071facef64b015b1d03cc46b7f35/nepriyatnata-strana-na-mira-erata-na-bezumieto-2-30.jpg
Мъзростта на тълпите,Ерата на безумието,Джо Абъркромби,Ciela,2023,9789542842743,https://cdn.ozone.bg/media/catalog/product/cache/1/image/a4e40ebdc3e371adff845072e1c73f37/m/a/ded4ad42f9feec5a6ae5f716a81159ff/madrostta-na-talpite-erata-na-bezumieto-3-30.jpg
Дяволите,Дяволите,Джо Абъркромби,Ciela,2025,https://cdn.ozone.bg/media/catalog/product/cache/1/image/a4e40ebdc3e371adff845072e1c73f37/d/y/9e34c444b31597e4376711ec13f39d96/dyavolite-tvarda-koritsa-30.jpg
Отмъщението на Монца,Джо Абъркромби,Bard,2011,9789546552112,https://assets2.chitanka.info/thumb/book-cover/13/4917.max.jpg,y
Герои,Джо Абъркромби,Colibri,2013,9786191501632,https://assets2.chitanka.info/thumb/book-cover/23/8986.max.jpg
Невъзможно бягство,Лабиринтът,Джеймс Дашнър,Bard,2014,9789546554628,https://assets2.chitanka.info/thumb/book-cover/2b/11103.max.jpg,y
В обгорените земи,Лабиринтът,Джеймс Дашнър,Bard,2014,9789546555076,https://assets2.chitanka.info/thumb/book-cover/2b/11104.max.jpg,y
Последният кандидат,Лабиринтът,Джеймс Дашнър,Bard,2014,9789546555274,https://assets2.chitanka.info/thumb/book-cover/2b/11105.max.jpg,y
Дивергенти,Дивергенти,Вероника Рот,Егмонт,2012,9789542707479,https://assets2.chitanka.info/thumb/book-cover/27/9991.max.jpg,y
Бунтовници,Дивергенти,Вероника Рот,Егмонт,2012,9789542708520,https://assets2.chitanka.info/thumb/book-cover/27/9992.max.jpg,y
Предани,Дивергенти,Вероника Рот,Егмонт,2013,9789542710783,https://assets2.chitanka.info/thumb/book-cover/27/9993.max.jpg,y
Открадната магия,Правилото на хилядолетието,Труди Канаван,MBG Books,2015,9789542989769,https://biblioman.chitanka.info/thumb/covers/6/1/2/1/6121-5b1d3b0ca4d15.1000.jpg/%D0%9E%D1%82%D0%BA%D1%80%D0%B0%D0%B4%D0%BD%D0%B0%D1%82%D0%B0_%D0%BC%D0%B0%D0%B3%D0%B8%D1%8F-front-1000px.jpg
Гилдията на магьосниците,Черният магьосник,Труди Канаван,MBG Books,2011,9789542989011,https://biblioman.chitanka.info/thumb/covers/3/4/8/4/3484-59f3842751b1d.1000.jpg/%D0%93%D0%B8%D0%BB%D0%B4%D0%B8%D1%8F%D1%82%D0%B0_%D0%BD%D0%B0_%D0%BC%D0%B0%D0%B3%D1%8C%D0%BE%D1%81%D0%BD%D0%B8%D1%86%D0%B8%D1%82%D0%B5-front-1000px.jpg,y
Избраница,Черният магьосник,Труди Канаван,MBG Books,2012,9789542989035,https://biblioman.chitanka.info/thumb/covers/6/0/0/3/6003-5b11b0b58bcea.1000.jpg/%D0%98%D0%B7%D0%B1%D1%80%D0%B0%D0%BD%D0%B8%D1%86%D0%B0-front-1000px.jpg,y
Върховният повелител,Черният магьосник,Труди Канаван,MBG Books,2012,9789542989066,https://biblioman.chitanka.info/thumb/covers/6/0/0/4/6004-5b11b2f90643a.1000.jpg/%D0%92%D1%8A%D1%80%D1%85%D0%BE%D0%B2%D0%BD%D0%B8%D1%8F%D1%82_%D0%BF%D0%BE%D0%B2%D0%B5%D0%BB%D0%B8%D1%82%D0%B5%D0%BB-front-1000px.jpg,y
Мисията на посланика,Изменникът шпионин,Труди Канаван,MBG Books,2012,9789542989103,https://biblioman.chitanka.info/thumb/covers/6/0/0/2/6002-5b11ab9580996.1000.jpg/%D0%9C%D0%B8%D1%81%D0%B8%D1%8F%D1%82%D0%B0_%D0%BD%D0%B0_%D0%BF%D0%BE%D1%81%D0%BB%D0%B0%D0%BD%D0%B8%D0%BA%D0%B0-front-1000px.jpg,y
Отстъпница,Изменникът шпионин,Труди Канаван,MBG Books,2012,9789542989271,https://biblioman.chitanka.info/thumb/covers/1/4/7/5/1475-58bc5003c2fe8.1000.jpg/%D0%9E%D1%82%D1%81%D1%82%D1%8A%D0%BF%D0%BD%D0%B8%D1%86%D0%B0-front-1000px.jpg,y
Кралицата на изменниците,Изменникът шпионин,Труди Канаван,MBG Books,2012,9789542989288,https://biblioman.chitanka.info/thumb/covers/7/9/6/9/7969-5bf948e5c183e.1000.jpg/%D0%9A%D1%80%D0%B0%D0%BB%D0%B8%D1%86%D0%B0%D1%82%D0%B0_%D0%BD%D0%B0_%D0%B8%D0%B7%D0%BC%D0%B5%D0%BD%D0%BD%D0%B8%D1%86%D0%B8%D1%82%D0%B5-front-1000px.jpg,y
Конспирация на короната,Откровенията на Ририя,Майкъл Дж Съливан,MBG Books,2012,9789542989042,https://assets2.chitanka.info/thumb/book-cover/1b/7098.max.jpg,y
Авемпарта,Откровенията на Ририя,Майкъл Дж Съливан,MBG Books,2012,9789542989080,https://assets2.chitanka.info/thumb/book-cover/1b/7099.max.jpg,y
Нифрон се въздига,Откровенията на Ририя,Майкъл Дж Съливан,MBG Books,2012,9789542989134,https://assets2.chitanka.info/thumb/book-cover/1b/7069.max.jpg,y
Изумрудената буря,Откровенията на Ририя,Майкъл Дж Съливан,MBG Books,2012,9789542989189,https://assets2.chitanka.info/thumb/book-cover/1b/7070.max.jpg,y
Зимният фестивал,Откровенията на Ририя,Майкъл Дж Съливан,MBG Books,2012,9789542989196,https://assets2.chitanka.info/thumb/book-cover/1c/7374.max.jpg,y
Персепликуис,Откровенията на Ририя,Майкъл Дж Съливан,MBG Books,2012,9789542989202,https://assets2.chitanka.info/thumb/book-cover/21/8624.max.jpg,y
Името на вятъра,Кралеубиецът,Патрик Ротфус,Прозорец,2010,9789547336797,https://assets2.chitanka.info/thumb/book-cover/14/5300.max.jpg,y
Страхът на мъдреца 1 част,Кралеубиецът,Патрик Ротфус,Прозорец,2011,9789547337176,https://assets2.chitanka.info/thumb/book-cover/1b/6941.max.jpg,y
Страхът на мъдреца 2 част,Кралеубиецът,Патрик Ротфус,Прозорец,2012,9789547337251,https://assets2.chitanka.info/thumb/book-cover/1b/6942.max.jpg,y
Музиката на тишината,Патрик Ротфус,Прозорец,2015,9789547338401,https://www.ciela.com/media/catalog/product/cache/32bb0748c82325b02c55df3c2a9a9856/m/u/muzikata_na_tishinata_hrm.jpg
Влад Талтош Том1,Убиец на свободна практика,Стивън Бруст,Bard,2003,9789545855053,https://assets2.chitanka.info/thumb/book-cover/02/612.max.jpg,y
Влад Талтош Том2,Убиец на свободна практика,Стивън Бруст,Bard,2003,9789548585134,https://assets2.chitanka.info/thumb/book-cover/02/613.max.jpg,y
Влад Талтош Том3,Убиец на свободна практика,Стивън Бруст,Bard,2005,9789545855908,https://assets2.chitanka.info/thumb/book-cover/02/614.max.jpg,y
Влад Талтош Том4,Убиец на свободна практика,Стивън Бруст,Bard,2011,9789546552013,https://assets2.chitanka.info/thumb/book-cover/21/8531.max.jpg,y
Влад Талтош Том5,Убиец на свободна практика,Стивън Бруст,Bard,2019,9789546559142,https://biblioman.chitanka.info/thumb/covers/7/2/7/7/17277-62c9ba75508a9.1000.jpg/%D0%92%D0%BB%D0%B0%D0%B4_%D0%A2%D0%B0%D0%BB%D1%82%D0%BE%D1%88-front-1000px.jpg,y
Аз Вещицата,Аз Вещицата,Дебора Харкнес,Bard,2011,9789546552044,https://biblioman.chitanka.info/thumb/covers/8/0/6/1/8061-5c0420caf3a4b.1000.jpg/%D0%90%D0%B7_%D0%B2%D0%B5%D1%89%D0%B8%D1%86%D0%B0%D1%82%D0%B0-front-1000px.jpg,y
Книгата на живота,Аз Вещицата,Дебора Харкнес,Bard,2012,9789546553867,https://assets2.chitanka.info/thumb/book-cover/1d/7653.max.jpg,y
Нощна сянка,Аз Вещицата,Дебора Харкнес,Bard,2013,9789546553867,https://assets2.chitanka.info/thumb/book-cover/1d/7653.max.jpg,y
Преобразени от времето,Аз Вещицата,Дебора Харкнес,Bard,2021,https://cdn.ozone.bg/media/catalog/product/cache/1/image/a4e40ebdc3e371adff845072e1c73f37/a/z/e7096e740a539a937cb6b5c9cc77b79e/az--veshtitsata-4--preobrazeni-ot-vremeto-bard---s-tsvetna-porezka-30.jpg,y
Пророчеството на черната птица,Аз Вещицата,Дебора Харкнес,Bard,2025,https://knizhen-pazar.net/books/455/45580/4558065.jpg?size=48962,y
Кръвта на мага,Квартет за лунните приливи и отливи,Дейвид Хеър,Artline Studios,2015,9786191930920,https://assets2.chitanka.info/thumb/book-cover/2c/11352.max.jpg
Алени приливи,Квартет за лунните приливи и отливи,Дейвид Хеър,Artline Studios,2019,https://cdn.ozone.bg/media/catalog/product/cache/1/image/a4e40ebdc3e371adff845072e1c73f37/a/l/117ba18eec75bffa633fc79d6dcd3bb5/aleni-prilivi-kvartet-za-lunnite-prilivi-i-otlivi-2-30.jpg
Академия за магьосници,Ел Феъри,Bard,2018,9789546558985,https://cdn.ozone.bg/media/catalog/product/cache/1/image/a4e40ebdc3e371adff845072e1c73f37/a/k/e87e5ae840838cf21048b91e6c2c4fd1/akademiya-za-magyosnitsi-30.jpg
Оркономика,Сагата на тъмните печалби,Дж. Закари Пайк,Artline Studios,2021,9786191932412,https://cdn.ozone.bg/media/catalog/product/cache/1/image/a4e40ebdc3e371adff845072e1c73f37/o/r/7d2390caff17c4fba5c6b30ef03a16ca/orkonomika-saga-za-tamnite-pechalbi-1-30.jpg
Личи син,Сагата на тъмните печалби,Дж. Закари Пайк,Artline Studios,2022,https://cdn.ozone.bg/media/catalog/product/cache/1/image/a4e40ebdc3e371adff845072e1c73f37/l/i/114d8ab40d3bd6e9d3d8190c10d1f275/lichi-sin-saga-za-tamnite-pechalbi-2-30.jpg
Дисциплинарно овъглен,Сагата на тъмните печалби,Дж. Закари Пайк,Artline Studios,2024,https://cdn.ozone.bg/media/catalog/product/cache/1/image/a4e40ebdc3e371adff845072e1c73f37/d/i/e20cb1f4fd38a1f7e5764ee7df6621f6/distsiplinarno-ovaglen-saga-za-tamnite-pechalbi-3-30.jpg
Своенравното хлапе,Своенравното хлапе,Стивън Ериксън,Ciela,2016,9789542821915,https://biblioman.chitanka.info/thumb/covers/9/3/6/5/9365-5cabb3f16d1e0.1000.jpg/%D0%A1%D0%B2%D0%BE%D0%B5%D0%BD%D1%80%D0%B0%D0%B2%D0%BD%D0%BE%D1%82%D0%BE_%D1%85%D0%BB%D0%B0%D0%BF%D0%B5-front-1000px.jpg
Град от месинг,Хрониките на Девабад,С. А. Чакраборти,Ибис,2019,9786191573271,https://biblioman.chitanka.info/thumb/covers/2/1/5/2/12152-5e7c7474e79c6.1000.jpg/%D0%93%D1%80%D0%B0%D0%B4_%D0%BE%D1%82_%D0%BC%D0%B5%D1%81%D0%B8%D0%BD%D0%B3-front-1000px.jpg,y
Царство то мед,Хрониките на Девабад,С. А. Чакраборти,Ибис,2020,9786191573455,https://biblioman.chitanka.info/thumb/covers/7/5/6/6/17566-631c310541198.1000.jpg/%D0%A6%D0%B0%D1%80%D1%81%D1%82%D0%B2%D0%BE_%D0%BE%D1%82_%D0%BC%D0%B5%D0%B4-front-1000px.jpg,y
Империя от злато,Хрониките на Девабад,С. А. Чакраборти,Ибис,2021,9786191573677,https://biblioman.chitanka.info/thumb/covers/7/5/6/7/17567-631c38b2c197d.1000.jpg/%D0%98%D0%BC%D0%BF%D0%B5%D1%80%D0%B8%D1%8F_%D0%BE%D1%82_%D0%B7%D0%BB%D0%B0%D1%82%D0%BE-front-1000px.jpg,y
Кралят Маг,Кралят Маг,Крис Бънч,Bard,2005,9789545856009,https://biblioman.chitanka.info/thumb/covers/7/8/2/7/7827-5be941050e576.1000.jpg/%D0%9A%D1%80%D0%B0%D0%BB%D1%8F%D1%82-%D0%BC%D0%B0%D0%B3-front-1000px.jpg
Кралят Демон,Кралят Маг,Крис Бънч,Bard,2005,9789545856106,https://assets2.chitanka.info/thumb/book-cover/0f/3945.max.jpg
Епично: Легенди на фентъзито,Artline Studios,2014,9789542908982,https://i1.helikon.bg/products/0073/19/190073/190073_b.jpg?t=1708190247
Смъртоносни машини,Смъртоносни машини,Филип Рийв,Егмонт,2018,9789542722397,https://egmontbulgaria.com/media/cache/product_original/product-images/34/35/mortalEngines11540817502.6791.jpg?1540817502,y
Хищническо злато,Смъртоносни машини,Филип Рийв,Егмонт,2018,9789542722496,https://egmontbulgaria.com/media/cache/product_original/product-images/34/49/PredatorsGold_PhilipReeve1543404785.8307.jpg?1543404785,y
Дяволски устройства,Смъртоносни машини,Филип Рийв,Егмонт,2019,9789542722632,https://egmontbulgaria.com/media/cache/product_original/product-images/34/87/InfernalDevices_PhilipReeve_CV1548871323.8429.jpg?1548871323,y
Мрачна равнина,Смъртоносни машини,Филип Рийв,Егмонт,2019,9789542722946,https://egmontbulgaria.com/media/cache/product_original/product-images/35/51/4_ADarklingPlain_PhilipReeve_Cover%20copy1561539806.2038.jpg?1561539806,y
Краля Демон,Седемте кралства,Синда Уилямс Чайма,Емас,2016,9789543573424,https://cdn.ozone.bg/media/catalog/product/cache/1/image/a4e40ebdc3e371adff845072e1c73f37/k/r/37a68deb49c12f5ea9ba87bb9609e6c0/kralya-demon-sedemte-kralstva-1-31.jpg,y
Кралицата Изгнаница,Седемте кралства,Синда Уилямс Чайма,Емас,2020,9789543574469,https://cdn.ozone.bg/media/catalog/product/cache/1/image/a4e40ebdc3e371adff845072e1c73f37/k/r/282514ce33a7c359e4e303096463c1ec/kralitsata-izgnanitsa-sedemte-kralstva-2-30.jpg,y
Тронът на сивия вълк,Седемте кралства,Синда Уилямс Чайма,Емас,2021,9789543575053,https://cdn.ozone.bg/media/catalog/product/cache/1/image/a4e40ebdc3e371adff845072e1c73f37/t/r/414a2862dc6af3423a7191ad5bab3cf5/tronat-na-siviya-valk-sedemte-kralstva-3-30.jpg,y
Пурпурната корона,Седемте кралства,Синда Уилямс Чайма,Емас,2023,9789543575800,https://cdn.ozone.bg/media/catalog/product/cache/1/image/a4e40ebdc3e371adff845072e1c73f37/p/u/41550cc7ecf5f1232c4896bf83417e9c/purpurnata-korona-sedemte-kralstva-4-30.jpg,y
Войната на маковете,Войната на маковете,Р. Ф. Куанг,Orange Books,2019,9786191710928,https://cdn.ozone.bg/media/catalog/product/cache/1/image/a4e40ebdc3e371adff845072e1c73f37/v/o/3a222c6c0e732b7098b86290f05efb50/voynata-na-makovete-30.jpg,y
Републиката на дракона,Войната на маковете,Р. Ф. Куанг,Orange Books,2020,9786191711048,https://cdn.ozone.bg/media/catalog/product/cache/1/image/a4e40ebdc3e371adff845072e1c73f37/r/e/03965e09696999b3c404041813f7050c/republikata-na-drakona-voynata-na-makovete-2-30.jpg,y
Изгарящият бог,Войната на маковете,Р. Ф. Куанг,Orange Books,2021,9786191711215,https://cdn.ozone.bg/media/catalog/product/cache/1/image/a4e40ebdc3e371adff845072e1c73f37/i/z/07c774dc3d54c8456eac3b2acbc07c49/izgaryashtiyat-bog-voynata-na-makovete-3-30.jpg,y
Катабазис,Р. Ф. Куанг,Orange Books,2025,https://cdn.ozone.bg/media/catalog/product/cache/1/image/a4e40ebdc3e371adff845072e1c73f37/k/a/2ec1fa0ad39f816507b531c8c9746a9d/katabazis-tvardi-koritsi-30.jpg
Жестокия принц,Вълшебният народ,Холи Блек,Ибис,2019,9786191573141,https://cdn.ozone.bg/media/catalog/product/cache/1/image/a4e40ebdc3e371adff845072e1c73f37/z/h/d1547dabeddbf1827b45ed9604e6fcb7/zhestokiyat-prints-valshebniyat-narod-1-30.jpg,y
Злият крал,Вълшебният народ,Холи Блек,Ибис,2019,9786191573189,https://cdn.ozone.bg/media/catalog/product/cache/1/image/a4e40ebdc3e371adff845072e1c73f37/z/l/3990be81641c2fcb007e6bbc44b3e39f/zliyat-kral-valshebniyat-narod-2-30.jpg,y
Кралица на нищото,Вълшебният народ,Холи Блек,Ибис,2019,9786191573301,https://cdn.ozone.bg/media/catalog/product/cache/1/image/a4e40ebdc3e371adff845072e1c73f37/k/r/706af7817db0f2deb9e091e0fc3ab1b6/kralitsa-na-nishtoto-valshebniyat-narod-3-30.jpg,y
Как кралят на Елфхейм намрази приказките,Холи Блек,Ибис,2020,9786191573721,https://cdn.ozone.bg/media/catalog/product/cache/1/image/a4e40ebdc3e371adff845072e1c73f37/k/a/667ad852d71e737f8d0a41bdf7b22988/kak-kralyat-na-elfheym-namrazi-prikazkite-valshebniyat-narod-4-30.jpg,y
Отнетият наследник,История от света на вълшебния народ,Холи Блек,Ибис,2023,https://cdn.ozone.bg/media/catalog/product/cache/1/image/a4e40ebdc3e371adff845072e1c73f37/o/t/23b61d0489f227f279bccad722c143c9/otnetiyat-naslednik-istoriya-ot-sveta-na-elfheym-30.jpg
Тронът на затворника,История от света на вълшебния народ,Холи Блек,Ибис,2024,https://cdn.ozone.bg/media/catalog/product/cache/1/image/a4e40ebdc3e371adff845072e1c73f37/t/r/a1ac19d532a8146d6698364013136ed9/tronat-na-zatvornika-30.jpg
Веровещица,Вещерия,Сюзън Денард,Егмонт,2016,9789542718703,https://cdn.ozone.bg/media/catalog/product/cache/1/image/a4e40ebdc3e371adff845072e1c73f37/v/e/ed9060fd068be2a481d299b111184f02/veroveshtitsa-veshteriya-1-31.jpg,y
Ветровещ,Вещерия,Сюзън Денард,Егмонт,2017,9789542720355,https://cdn.ozone.bg/media/catalog/product/cache/1/image/a4e40ebdc3e371adff845072e1c73f37/v/e/eb4b7e7a36a84d8a505e038be3fc5ca2/vetrovesht-veshteriya-2-31.jpg,y
Кръвовещ,Вещерия,Сюзън Денард,Егмонт,2021,9789542725695,https://cdn.ozone.bg/media/catalog/product/cache/1/image/a4e40ebdc3e371adff845072e1c73f37/k/r/d5093aeb72804bc9f29e502567a67b85/kravovesht-veshteriya-3-30.jpg,y
Сенковещица,Вещерия,Сюзън Денард,Егмонт,2022,9789542728146,https://cdn.ozone.bg/media/catalog/product/cache/1/image/a4e40ebdc3e371adff845072e1c73f37/s/e/403a296916176c8b30128778a76d05cd/senkoveshtitsa-veshteriya-4-30.jpg,y
Нивганощ,Нивганощ,Джей Кристоф,Егмонт,2017,9789542719304,https://assets2.chitanka.info/thumb/book-cover/2a/10818.max.jpg
Божигроб,Нивганощ,Джей Кристоф,Егмонт,2018,9789542721505,https://cdn.ozone.bg/media/catalog/product/cache/1/image/a4e40ebdc3e371adff845072e1c73f37/b/o/85ae7fa67fde604029a10e2ad046247e/bozhigrob-nivganosht-2-31.jpg
Мраколуние,Нивганощ,Джей Кристоф,Егмонт,2019,9789542723363,https://cdn.ozone.bg/media/catalog/product/cache/1/image/a4e40ebdc3e371adff845072e1c73f37/m/r/0aab37ef71a7ac9523e1369b93be2768/mrakolunie-nivganosht-3-30.jpg
Империята на вампира,Джей Кристоф,Artline Studios,2026,https://cdn.ozone.bg/media/catalog/product/cache/1/image/a4e40ebdc3e371adff845072e1c73f37/i/m/6e99c607af695f358ec32137dc989d1e/imperiyata-na-vampira-tvarda-koritsa-30.jpg
Мистър себастиян и черният магьосник,Даниел Уолъс,Artline Studios,2016,9786191930647,https://i4.helikon.bg/products/2280/20/202280/202280_b.jpg?t=1708203639
Деми-монд: Зима,Деми-монд,Род Рийс,Artline Studios,2015,9786191930210,https://artline-store.net/media/catalog/product/cache/b19bbcb9fd258bf19793a707bda62f3d/p/r/product_199.jpg,y
Деми-монд: Пролет,Деми-монд,Род Рийс,Artline Studios,2016,9786191930357,https://artline-store.net/media/catalog/product/cache/b19bbcb9fd258bf19793a707bda62f3d/p/r/product_413.jpg
Деми-монд: Лято,Деми-монд,Род Рийс,Artline Studios,2019,9786191931323,https://cdn.ozone.bg/media/catalog/product/cache/1/image/a4e40ebdc3e371adff845072e1c73f37/d/e/05bb280295669c61242df3db618a417f/demi-mond-3--lyato-30.jpg
Деми-монд: Есен,Деми-монд,Род Рийс,Artline Studios,2020,9786191931606,https://cdn.ozone.bg/media/catalog/product/cache/1/image/a4e40ebdc3e371adff845072e1c73f37/d/e/c5bfaa15baa5eae0036c42d3c94678fa/demi-mond-4--esen-30.jpg
Полулош,Полулош,Сали Грийн,Colibri,2014,9786191503346,https://assets2.chitanka.info/thumb/book-cover/2b/11150.max.jpg
Полуизгубен,Полулош,Сали Грийн,Colibri,2016,9786191509300,https://assets2.chitanka.info/thumb/book-cover/2b/11152.max.jpg
Демонска стража,Конрад Мейсън,Artline Studios,2013,9789542908685,https://assets2.chitanka.info/thumb/book-cover/22/8934.max.jpg
Планетата на ветровете,Джордж Р. Р. Мартин,Bard,2018,9789545853906,https://cdn.ozone.bg/media/catalog/product/cache/1/image/a4e40ebdc3e371adff845072e1c73f37/p/l/fc37e422a586af841128ef7d7493e157/planetata-na-vetrovete-30.jpg
Беглецът по равнините,Евърнес,Иьн Макдоналд,Artline Studios,2015,9786191930333,https://cdn.ozone.bg/media/catalog/product/cache/1/image/a4e40ebdc3e371adff845072e1c73f37/k/o/9506ddf8f7c1a7372ba578311d3d9c70/beglets-po-ravninite-evarnes-1---meki-koritsi-30.jpg
Бъди ми враг,Евърнес,Иьн Макдоналд,Artline Studios,2016,9786191930722,https://cdn.ozone.bg/media/catalog/product/cache/1/image/a4e40ebdc3e371adff845072e1c73f37/k/o/cc3036e6433cf0a307a2147c00439a4d/badi-mi-vrag-evarnes-2---tvardi-koritsi-30.jpg
Императрицата на слънцето,Евърнес,Иьн Макдоналд,Artline Studios,2017,9786191931033,https://cdn.ozone.bg/media/catalog/product/cache/1/image/a4e40ebdc3e371adff845072e1c73f37/k/o/ed424cbd88c25dcef0b5c204cd9d5eec/imperatritsata-na-slantseto-evarnes-3---tvardi-koritsi-30.jpg
Fourth Wing,Empyrian,Rebecca Yarros,Red Tower Books,2023,9780349436999,https://upload.wikimedia.org/wikipedia/en/d/dd/Fourth_Wing_Cover_Art.jpeg,y
Iron Flame,Empyrian,Rebecca Yarros,Red Tower Books,2023,9780349437036,https://upload.wikimedia.org/wikipedia/en/1/10/Iron_Flame_Cover_Art.jpg,y
Onyx Storm,Empyrian,Rebecca Yarros,Red Tower Books,2025,https://cdn.ozone.bg/media/catalog/product/cache/1/image/a4e40ebdc3e371adff845072e1c73f37/o/n/edd41b30f9e1442aa0c690f9f44bec7f/onyx-storm-hardcover-30.jpg,y
Четвърто крило,Empyrian,Ребека Ярос,Ciela,2024,https://cdn.ozone.bg/media/catalog/product/cache/1/image/a4e40ebdc3e371adff845072e1c73f37/c/h/cb92faa211fa3e3d169c2a3e76f31506/chetvarto-krilo-the-empyrean-1---spetsialno-limitirano-izdanie-30.jpg,y
Железен пламък,Empyrian,Ребека Ярос,Ciela,2024,https://cdn.ozone.bg/media/catalog/product/cache/1/image/a4e40ebdc3e371adff845072e1c73f37/z/h/95071342f70ac012cc00d6f498d3d69e/zhelezen-plamak-the-empyrean-2---spetsialno-limitirano-izdanie-30.jpg,y
Буря от оникс,Empyrian,Ребека Ярос,Ciela,2025,https://cdn.ozone.bg/media/catalog/product/cache/1/image/a4e40ebdc3e371adff845072e1c73f37/b/u/569533f3b6f1fb9a2103d08475d60b62/burya-ot-oniks-spetsialno-izdanie-30.jpg,y
Падането на Паранор,Първият крал на Шанара,Тери Брукс,ИнфоДар,2006,9789547612099,https://assets2.chitanka.info/thumb/book-cover/06/1694.max.jpg
Изковаването на меча Битката за Рен,Първият крал на Шанара,Тери Брукс,ИнфоДар,2006,9789547612136,https://i5.helikon.bg/products/2663/12/122663/122663z.jpg?t=1708248241
Младостта на магьосника,Евгений Лукин,Colibri,2013,9786191501847,https://www.colibri.bg/k_img/mladnamag3.jpg
Левиатан,Левиатан,Скот Уейсърфийлд,Artline Studios,2012,9789542908364,https://assets2.chitanka.info/thumb/book-cover/21/8611.max.jpg,y
Бегемот,Левиатан,Скот Уейсърфийлд,Artline Studios,2014,9789542908951,https://cdn.ozone.bg/media/catalog/product/cache/1/image/a4e40ebdc3e371adff845072e1c73f37/b/e/71f79f8238cdf7d364c5d9de36fd9893/begemot-leviatan-2---tvardi-koritsi-31.jpg,y
Голиат,Левиатан,Скот Уейсърфийлд,Artline Studios,2015,9786191930340,https://cdn.ozone.bg/media/catalog/product/cache/1/image/a4e40ebdc3e371adff845072e1c73f37/g/o/b85d62cf117a48ccf71adc9c3e40e966/goliat-leviatan-3---tvardi-koritsi-31.jpg,y
Претендент за престола,Джуджетата,Маркус Хайц,MBG Books,2012,9789542989165,https://cdn.ozone.bg/media/catalog/product/cache/1/image/a4e40ebdc3e371adff845072e1c73f37/p/r/80dff0a5a68107fcf4acba7c43436ef3/pretendent-za-prestola-dzhudzhetata-1-30.jpg,y
Огнено острие,Джуджетата,Маркус Хайц,MBG Books,2012,9789542989240,https://cdn.ozone.bg/media/catalog/product/cache/1/image/a4e40ebdc3e371adff845072e1c73f37/o/g/72774d83f4bc2c8f05d38db83ed683cd/ogneno-ostrie-dzhudzhetata-2-30.jpg,y
Единадесетия удар,Джуджетата,Маркус Хайц,MBG Books,2013,9789542989349,https://cdn.ozone.bg/media/catalog/product/cache/1/image/a4e40ebdc3e371adff845072e1c73f37/e/d/fc75b2b12d52897f0ab31b55add03272/edinadesetiyat-udar-voynata-na-dzhudzhetata-1-30.jpg,y
Кървавата планина,Джуджетата,Маркус Хайц,MBG Books,2013,9789542989332,https://cdn.ozone.bg/media/catalog/product/cache/1/image/a4e40ebdc3e371adff845072e1c73f37/k/a/2d365a2471ab1633c49a12675eb0235f/karvavata-planina-voynata-na-dzhudzhetata-2-30.jpg,y
Крадци на диаманти,Джуджетата,Маркус Хайц,MBG Books,2013,9789542989448,https://cdn.ozone.bg/media/catalog/product/cache/1/image/a4e40ebdc3e371adff845072e1c73f37/k/r/ebebcc323d5bb3a70a0e0d04dc0c6c85/kradtsi-na-diamanti-otmashtenieto-na-dzhudzhetata-1-30.jpg,y
Черната бездна,Джуджетата,Маркус Хайц,MBG Books,2013,9789542989455,https://cdn.ozone.bg/media/catalog/product/cache/1/image/a4e40ebdc3e371adff845072e1c73f37/c/h/058225b82bfd2a0540a073ff9966ef0e/chernata-bezdna-otmashtenieto-na-dzhudzhetata-2-30.jpg,y
Завръщането на героя,Джуджетата,Маркус Хайц,MBG Books,2014,9789542989486,https://cdn.ozone.bg/media/catalog/product/cache/1/image/a4e40ebdc3e371adff845072e1c73f37/z/a/9a2cb3444d729a9c1a818acacfdac722/zavrashtaneto-na-geroya-sadbata-na-dzhudzhetata-1-30.jpg,y
Жажда за победа,Джуджетата,Маркус Хайц,MBG Books,2014,9789542989493,https://cdn.ozone.bg/media/catalog/product/cache/1/image/a4e40ebdc3e371adff845072e1c73f37/z/h/79bfaf27ee5ff6511fe7cff4226e3c5c/zhazhda-za-pobeda-sadbata-na-dzhudzhetata-2-30.jpg,y
Хрониките на Амбър: том 1,Хрониките на Амбър,Роджър Зелазни,Bard,2021,9789545859236,https://cdn.ozone.bg/media/catalog/product/cache/1/image/a4e40ebdc3e371adff845072e1c73f37/h/r/268cd4b39be586faba30919111a8257c/hronikite-na-ambar-1-tvardi-koritsi-30.jpg,y
Хрониките на Амбър: том 2,Хрониките на Амбър,Роджър Зелазни,Bard,2021,9789545859243,https://cdn.ozone.bg/media/catalog/product/cache/1/image/a4e40ebdc3e371adff845072e1c73f37/h/r/2412486b388c4862a959e146016b772d/hronikite-na-ambar-2-tvardi-koritsi-30.jpg,y
Хрониките на Амбър: том 3,Хрониките на Амбър,Роджър Зелазни,Bard,2021,9789545859250,https://cdn.ozone.bg/media/catalog/product/cache/1/image/a4e40ebdc3e371adff845072e1c73f37/h/r/06fce7b5571614ff912af25b5f25be46/hronikite-na-ambar-3-tvardi-koritsi-30.jpg,y
Хари Потър и прокълнатото дете,Дж. К. Роулинг,Егмонт,2016,9789542718710,https://cdn.ozone.bg/media/catalog/product/cache/1/image/a4e40ebdc3e371adff845072e1c73f37/h/a/c1cf5d7d672b6d878cda87e9633cbe4a/hari-potar-i-prokalnatoto-dete---1-i-2-chast-spetsialno-predvaritelno-izdanie-na-stsenariya-31.jpg
Хари Потър и философският камък,Хари Потър,Дж. К. Роулинг,Егмонт,2016,9789544464684,https://cdn.ozone.bg/media/catalog/product/cache/1/image/a4e40ebdc3e371adff845072e1c73f37/h/a/5c80d191e57c67adfa1402953748133b/hari-potar-i-filosofskiyat-kamak-31.jpg,y
Хари Потър и стаята на тайните,Хари Потър,Дж. К. Роулинг,Егмонт,2016,9789544460501,https://cdn.ozone.bg/media/catalog/product/cache/1/image/a4e40ebdc3e371adff845072e1c73f37/h/a/a33f988fb40b66b18607bf32973000c0/hari-potar-i-stayata-na-taynite-31.jpg,y
Хари Потър и затворника от азкабан,Хари Потър,Дж. К. Роулинг,Егмонт,2016,9789544465575,https://cdn.ozone.bg/media/catalog/product/cache/1/image/a4e40ebdc3e371adff845072e1c73f37/h/a/72e3e4a43ba47e36f94f6cb46ba60e69/hari-potar-i-zatvornikat-ot-azkaban-31.jpg,y
Хари Потъп и огненият бокал,Хари Потър,Дж. К. Роулинг,Егмонт,2016,9789544466213,https://cdn.ozone.bg/media/catalog/product/cache/1/image/a4e40ebdc3e371adff845072e1c73f37/h/a/a4d20c6044f4a7df6d6f22364f746122/hari-potar-i-ogneniyat-bokal-31.jpg,y
Хари Потър и орденът на феникса,Хари Потър,Дж. К. Роулинг,Егмонт,2016,9789544467616,https://cdn.ozone.bg/media/catalog/product/cache/1/image/a4e40ebdc3e371adff845072e1c73f37/h/a/41526d537d56a9f151a1daeef276c8f5/hari-potar-i-ordenat-na-feniksa-31.jpg,y
Хари Потър и нечистокръвният принц,Хари Потър,Дж. К. Роулинг,Егмонт,2016,9789544469306,https://cdn.ozone.bg/media/catalog/product/cache/1/image/a4e40ebdc3e371adff845072e1c73f37/h/a/494173814424c2ddd8a5f1de7eb2c200/hari-potar-i-nechistokravniya-prints-31.jpg,y
Хари Потър и даровете на смъртта,Хари Потър,Дж. К. Роулинг,Егмонт,2016,9789542701514,https://cdn.ozone.bg/media/catalog/product/cache/1/image/a4e40ebdc3e371adff845072e1c73f37/h/a/9b6c7847d7f585179d0199538c9acf4d/hari-potar-i-darovete-na-smartta-31.jpg,y
Защитения,Демонски цикъл,Питър В. Брет,Колибри,2008,9789545299933,https://assets2.chitanka.info/thumb/book-cover/1d/7596.max.jpg,y
Пустинното копие,Демонски цикъл,Питър В. Брет,Колибри,2010,9786191501175,https://assets2.chitanka.info/thumb/book-cover/1e/7749.max.jpg,y
Дневната война,Демонски цикъл,Питър В. Брет,Колибри,2014,9786191503902,https://assets2.chitanka.info/thumb/book-cover/25/9489.max.jpg,y
Черепният трон,Демонски цикъл,Питър В. Брет,Колибри,2016,9786191509478,https://assets2.chitanka.info/thumb/book-cover/29/10733.max.jpg,y
The Core,Demon cycle,Peter V. Brett,Del Rey,2017,9780345531506,https://static.wikia.nocookie.net/thesa/images/8/8a/The-Core.new1_larger.jpg/revision/latest/scale-to-width-down/1000?cb=20170404185037,y
The Desert Prince,Nightfall saga,Peter V. Brett,Harper Voyager,2022,https://i4.helikon.bg/products/7146/23/237146/237146_b.jpg?t=1748258333
The Hidden Queen,Nightfall saga,Peter V. Brett,Harper Voyager,2025,https://images1.penguinrandomhouse.com/cover/9781984817136
The Demon King,Nightfall saga,Peter V. Brett,Harper Voyager,2026,https://cdn.ozone.bg/media/catalog/product/cache/1/image/a4e40ebdc3e371adff845072e1c73f37/t/h/bdf1d62f9ebd1fcabc154d0f8221fbcf/the-demon-king-30.jpg
Крадецът и магьосникът,Марта Уелс,Bard,2000,9789545851287,https://www.ciela.com/media/catalog/product/cache/32bb0748c82325b02c55df3c2a9a9856/7/7/77763.jpeg
Повреда във всички системи,Дневниците на един бот убиец,Марта Уелс,Artline Studios,2023,https://cdn.ozone.bg/media/catalog/product/cache/1/image/a4e40ebdc3e371adff845072e1c73f37/p/o/d02e2a35ee828e7c40f195310bc685df/povreda-vav-vsichki-sistemi-dnevnitsite-na-edin-bot-ubiets-1-30.jpg,y
Изкуствено състояние,Дневниците на един бот убиец,Марта Уелс,Artline Studios,2024,https://cdn.ozone.bg/media/catalog/product/cache/1/image/a4e40ebdc3e371adff845072e1c73f37/i/z/8b01b7b54f73c81c2f8f38c36f24fa5a/izkustveno-sastoyanie-dnevnitsite-na-edin-bot-ubiets-2-30.jpg,y
Протокол Беглец,Дневниците на един бот убиец,Марта Уелс,Artline Studios,2025,https://cdn.ozone.bg/media/catalog/product/cache/1/image/a4e40ebdc3e371adff845072e1c73f37/p/r/c5e1ea0cc5b70c74f6683b9b093cbb9c/protokol-beglets-dnevnitsite-na-edin-bot-ubiets-3-30.jpg,y
Стратегия за оцеляване,Дневниците на един бот убиец,Марта Уелс,Artline Studios,2025,https://cdn.ozone.bg/media/catalog/product/cache/1/image/a4e40ebdc3e371adff845072e1c73f37/s/t/794326922446e77fd7e066bb100f3494/strategiya-za-otselyavane-dnevnitsite-na-edin-bot-ubiets-4-30.jpg,y
Съдбата на шута,Шутът и Убиеца,Робин Хоб,Bard,2009,9789546550194,https://cdn.ozone.bg/media/catalog/product/cache/1/image/a4e40ebdc3e371adff845072e1c73f37/s/-/792c69a292c823f622197f1695d4c348/sadbata-na-shuta-shutat-i-ubietsat-3-31.jpg,y
Убиецът на шута,Фиц и Шута,Робин Хоб,Bard,2016,9789546556684,https://assets2.chitanka.info/thumb/book-cover/29/10721.max.jpg,y
Гонитбата на шута,Фиц и Шута,Робин Хоб,Bard,2016,9789546556806,https://assets2.chitanka.info/thumb/book-cover/29/10723.max.jpg,y
Тайните на занаята,Придворният убиец,Робин Хоб,Artline Studios,2026,https://cdn.ozone.bg/media/catalog/product/cache/1/image/a4e40ebdc3e371adff845072e1c73f37/t/a/9e6eeeced02f8caf167d60b405fe37c7/taynite-na-zanayata-pridvorniyat-ubiets-1-30.jpg,y
Кралска поръчка,Придворният убиец,Робин Хоб,Artline Studios,2026,https://cdn.ozone.bg/media/catalog/product/cache/1/image/a4e40ebdc3e371adff845072e1c73f37/k/r/3a819d3839d4e0fba51237b72148939d/kralska-porachka-pridvorniyat-ubiets-2-30.jpg,y
Тронът,Придворният убиец,Робин Хоб,Artline Studios,2026,https://cdn.ozone.bg/media/catalog/product/cache/1/image/a4e40ebdc3e371adff845072e1c73f37/t/r/cebe811e0de0f5dddd6ef2e61dcd4175/tronat-pridvorniyat-ubiets-3-30.jpg,y
Пазителите на запада  Кралят на мургите,Малореон,Дейвид Едингс,Bard,2001,9789545851635,https://assets2.chitanka.info/thumb/book-cover/02/595.max.jpg
Господарят демон на каранда  Магьосницата от даршива,Малореон,Дейвид Едингс,Bard,2001,9789545851821,https://assets2.chitanka.info/thumb/book-cover/03/1017.max.jpg
Пророчицата от кел,Малореон,Дейвид Едингс,Bard,2001,9789545851996,https://assets2.chitanka.info/thumb/book-cover/04/1183.max.jpg
Законът на безсмъртните,Кръв от рая,Джули Кагава,Pro Book,2015,9789542928706,https://assets2.chitanka.info/thumb/book-cover/29/10540.max.jpg
Лек за вечност,Кръв от рая,Джули Кагава,Pro Book,2015,9789542928768,https://assets2.chitanka.info/thumb/book-cover/29/10541.max.jpg
Вечната песен,Кръв от рая,Джули Кагава,Pro Book,2015,820733129,https://assets2.chitanka.info/thumb/book-cover/29/10542.max.jpg
Сянката на лисицата,Сянката на лисицата,Джули Кагава,Pro Book,2024,https://cdn.ozone.bg/media/catalog/product/cache/1/image/a4e40ebdc3e371adff845072e1c73f37/s/y/29c501e96d0ccc2d2eb25999cf8c691f/syankata-na-lisitsata-30.jpg,y
Нощта на дракона,Сянката на лисицата,Джули Кагава,Pro Book,2024,https://cdn.ozone.bg/media/catalog/product/cache/1/image/a4e40ebdc3e371adff845072e1c73f37/n/o/1c87bb8d03a6a3cb5131e937feb30059/noshtta-na-drakona-syankata-na-lisitsata-3-30.jpg,y
Душата на меча,Сянката на лисицата,Джули Кагава,Pro Book,2024,https://cdn.ozone.bg/media/catalog/product/cache/1/image/a4e40ebdc3e371adff845072e1c73f37/d/u/a91bb37cea40ffbb78053b5d83f67b43/dushata-na-mecha-syankata-na-lisitsata-2-30.jpg,y
Нокът,Нокът,Джули Кагава,Pro Book,2024, ,https://cdn.ozone.bg/media/catalog/product/cache/1/image/a4e40ebdc3e371adff845072e1c73f37/n/o/08a164efbc398a48f41520b9503aa667/nokat-obnoveno-izdanie-30.jpg,y
Война,Нокът,Джули Кагава,Pro Book,2024,https://cdn.ozone.bg/media/catalog/product/cache/1/image/a4e40ebdc3e371adff845072e1c73f37/v/o/b213a82bf5b023bafab3f88ddb0b3d15/voyna-nokat-2---obnoveno-izdanie-30.jpg,y
Войник,Нокът,Джули Кагава,Pro Book,2024,https://cdn.ozone.bg/media/catalog/product/cache/1/image/a4e40ebdc3e371adff845072e1c73f37/v/o/96bf0601b78e19979b906350d5389160/voynik-nokat-3---obnoveno-izdanie-30.jpg,y
Легион,Нокът,Джули Кагава,Pro Book,2025,https://cdn.ozone.bg/media/catalog/product/cache/1/image/a4e40ebdc3e371adff845072e1c73f37/l/e/e84fb994e90b8b345bd9a01ef8021c60/legion-nokat-4-30.jpg,y
Пъкъл,Нокът,Джули Кагава,Pro Book,2025,https://cdn.ozone.bg/media/catalog/product/cache/1/image/a4e40ebdc3e371adff845072e1c73f37/p/a/f45ff5f2c929e8a7eb721b7aaf8f189b/pakal-nokat-5-30.jpg,y
Железният крал,Железните феи,Джули Кагава,Pro Book,2025,https://cdn.ozone.bg/media/catalog/product/cache/1/image/a4e40ebdc3e371adff845072e1c73f37/z/h/6430aead4266d762cab8e41350f9e338/zheleznite-fei-1--zhelezniyat-kral-obnoveno-izdanie---s-tsvetni-porezki-30.jpg
Желязната дъщеря,Железните феи,Джули Кагава,Pro Book,2025,https://cdn.ozone.bg/media/catalog/product/cache/1/image/a4e40ebdc3e371adff845072e1c73f37/z/h/0b6d8430fb97e1492dd9f6e33f198694/zheleznite-fei-2--zhelyaznata-dashterya-obnoveno-izdanie---s-tsvetni-porezki-30.jpg
Желязната кралица,Железните феи,Джули Кагава,Pro Book,2025,https://cdn.ozone.bg/media/catalog/product/cache/1/image/a4e40ebdc3e371adff845072e1c73f37/z/h/cce8830f96be81d1ff64706eae585ab8/zheleznite-fei-3--zhelyaznata-kralitsa-obnoveno-izdanie---s-tsvetni-porezki-30.jpg
Железният рицар,Железните феи,Джули Кагава,Pro Book,2025,https://cdn.ozone.bg/media/catalog/product/cache/1/image/a4e40ebdc3e371adff845072e1c73f37/z/h/64d80457cd7951a697cfec0192621128/zheleznite-fei-4--zhelezniyat-ritsar-obnoveno-izdanie---s-tsvetni-porezki-30.jpg
Железният принц,Железните феи - Зовът на Забравените,Джули Кагава,Pro Book,2025,https://cdn.ozone.bg/media/catalog/product/cache/1/image/a4e40ebdc3e371adff845072e1c73f37/z/h/5e2afc46cf7832c29b8d5709dedcb92d/zheleznite-fei-zovat-na-zabravenite-1--zhelezniyat-prints-30.jpg
Железният предател,Железните феи - Зовът на Забравените,Джули Кагава,Pro Book,2025,https://cdn.ozone.bg/media/catalog/product/cache/1/image/a4e40ebdc3e371adff845072e1c73f37/z/h/57d9ff214ef754a5b33f471b60fc3797/zheleznite-fei-zovat-na-zabravenite-2--zhelezniyat-predatel-30.jpg
Железният гарван,Железните феи - Зовът на Забравените,Джули Кагава,Pro Book,2025,https://cdn.ozone.bg/media/catalog/product/cache/1/image/a4e40ebdc3e371adff845072e1c73f37/z/h/09877fc673c1abb39f2cb5b0c288f13a/zheleznite-fei-svecheryavane--zhelezniyat-garvan-30.jpg
Железният воин,Железните феи - Свечеряване,Джули Кагава,Pro Book,2025,https://cdn.ozone.bg/media/catalog/product/cache/1/image/a4e40ebdc3e371adff845072e1c73f37/z/h/13dfbbec9918dfb2761a7a768a6c52b2/zheleznite-fei-zovat-na-zabravenite-3--zhelezniyat-voin-30.jpg
Железният меч,Железните феи - Свечеряване,Джули Кагава,Pro Book,2025,https://cdn.ozone.bg/media/catalog/product/cache/1/image/a4e40ebdc3e371adff845072e1c73f37/z/h/f53adb0023752815cf1f7f9e25a3c178/zhelezniyat-mech-zheleznite-fei--svecheryavane---kniga-2-30.jpg
Желязната клетва,Железните феи - Свечеряване,Джули Кагава,Pro Book,2026,https://cdn.ozone.bg/media/catalog/product/cache/1/image/a4e40ebdc3e371adff845072e1c73f37/z/h/c71235586c6f6ba6d59dccd9aa4ecb41/zhelyaznata-kletva-zheleznite-fei--svecheryavane---kniga-3-30.jpg
Неорисаната,Неорисаната,Джули Кагава,Pro Book,2026,https://www.orangecenter.bg/media/catalog/product/cache/4402ded05624a91340a20d2ceeadf5ca/n/e/neorisana-djuli-kagava-isb-9786192900106-3d.jpg
Лебедова песен,Робърт Маккамън,Изток Запад,2019,9786190104933,https://cdn.ozone.bg/media/catalog/product/cache/1/image/a4e40ebdc3e371adff845072e1c73f37/l/e/73725ec50b03f32566a02bedbe65d3df/lebedova-pesen-meki-koritsi-30.jpg
Възходът на седемте,Съдбата на светлородните,Любомир Кючуков,Vision Books,2018,9786199085455,https://cdn.ozone.bg/media/catalog/product/cache/1/image/a4e40ebdc3e371adff845072e1c73f37/v/a/22fabf722c26f77af9c3672476974cbe/sadbata-na-svetlorodnite-1--vazhodat-na-sedemte-30.jpg
Повелителят на времето,Съдбата на светлородните,Любомир Кючуков,Vision Books,2022,9786197585278,https://cdn.ozone.bg/media/catalog/product/cache/1/image/a4e40ebdc3e371adff845072e1c73f37/s/a/39108b463f0dbdf7412732af74020938/sadbata-na-svetlorodnite-2--povelitelyat-na-vremeto-30.jpg
Книгата на всичко,Съдбата на светлородните,Любомир Кючуков,Vision Books,2024,https://cdn.ozone.bg/media/catalog/product/cache/1/image/a4e40ebdc3e371adff845072e1c73f37/s/a/60cde43ccb4f0f0603bdb9bee229bece/sadbata-na-svetlorodnite-3--knigata-na-vsichko-30.jpg
The Poppy war,The Poppy war,R. F. Kuang,Harper Voyager,2018,9780008239848,https://www.ciela.com/media/catalog/product/cache/32bb0748c82325b02c55df3c2a9a9856/t/h/the_poppy_war_-_r.f._kuang_-_9780008239848_-_harper_voyager.jpg
Огън и кръв,Джордж Р. Р. Мартин,Bard,2019,9789546559197,https://cdn.ozone.bg/media/catalog/product/cache/1/image/a4e40ebdc3e371adff845072e1c73f37/o/g/dbc84daf1572c8e829a44f42467428af/ogan-i-krav-30.jpg
Leviathan Wakes,The Expanse - 1 ,James S. A. Corey,Orbit Books,2011,9781841499895,https://prodimage.images-bn.com/lf?set=key%5Bresolve.pixelRatio%5D,value%5B1%5D&set=key%5Bresolve.width%5D,value%5B300%5D&set=key%5Bresolve.height%5D,value%5B10000%5D&set=key%5Bresolve.imageFit%5D,value%5Bcontainerwidth%5D&set=key%5Bresolve.allowImageUpscaling%5D,value%5B0%5D&set=key%5Bresolve.format%5D,value%5Bwebp%5D&source=url%5Bhttps://prodimage.images-bn.com/pimages/9780316129084_p0_v3_s600x595.jpg%5D&scale=options%5Blimit%5D,size%5B300x10000%5D&sink=format%5Bwebp%5D
Caliban's war,The Expanse - 2,James S. A. Corey,Orbit Books,2012,9781841499918,https://prodimage.images-bn.com/lf?set=key%5Bresolve.pixelRatio%5D,value%5B1%5D&set=key%5Bresolve.width%5D,value%5B300%5D&set=key%5Bresolve.height%5D,value%5B10000%5D&set=key%5Bresolve.imageFit%5D,value%5Bcontainerwidth%5D&set=key%5Bresolve.allowImageUpscaling%5D,value%5B0%5D&set=key%5Bresolve.format%5D,value%5Bwebp%5D&source=url%5Bhttps://prodimage.images-bn.com/pimages/9780316129060_p0_v3_s600x595.jpg%5D&scale=options%5Blimit%5D,size%5B300x10000%5D&sink=format%5Bwebp%5D
Abaddons gate,The Expanse - 3,James S. A. Corey,Orbit Books,2013,9781841499932,https://prodimage.images-bn.com/lf?set=key%5Bresolve.pixelRatio%5D,value%5B1%5D&set=key%5Bresolve.width%5D,value%5B600%5D&set=key%5Bresolve.height%5D,value%5B10000%5D&set=key%5Bresolve.imageFit%5D,value%5Bcontainerwidth%5D&set=key%5Bresolve.allowImageUpscaling%5D,value%5B0%5D&set=key%5Bresolve.format%5D,value%5Bwebp%5D&source=url%5Bhttps://prodimage.images-bn.com/pimages/9780316129077_p0_v3_s600x595.jpg%5D&scale=options%5Blimit%5D,size%5B600x10000%5D&sink=format%5Bwebp%5D
Cibola burn,The Expanse - 4,James S. A. Corey,Orbit Books,2013,9780356504193,https://prodimage.images-bn.com/lf?set=key%5Bresolve.pixelRatio%5D,value%5B1%5D&set=key%5Bresolve.width%5D,value%5B600%5D&set=key%5Bresolve.height%5D,value%5B10000%5D&set=key%5Bresolve.imageFit%5D,value%5Bcontainerwidth%5D&set=key%5Bresolve.allowImageUpscaling%5D,value%5B0%5D&set=key%5Bresolve.format%5D,value%5Bwebp%5D&source=url%5Bhttps://prodimage.images-bn.com/pimages/9780316334686_p0_v3_s600x595.jpg%5D&scale=options%5Blimit%5D,size%5B600x10000%5D&sink=format%5Bwebp%5D
Nemesis games,The Expanse - 5,James S. A. Corey,Orbit Books,2015,9780356504254,https://prodimage.images-bn.com/lf?set=key%5Bresolve.pixelRatio%5D,value%5B1%5D&set=key%5Bresolve.width%5D,value%5B300%5D&set=key%5Bresolve.height%5D,value%5B10000%5D&set=key%5Bresolve.imageFit%5D,value%5Bcontainerwidth%5D&set=key%5Bresolve.allowImageUpscaling%5D,value%5B0%5D&set=key%5Bresolve.format%5D,value%5Bwebp%5D&source=url%5Bhttps://prodimage.images-bn.com/pimages/9780316334716_p0_v2_s600x595.jpg%5D&scale=options%5Blimit%5D,size%5B300x10000%5D&sink=format%5Bwebp%5D
Persepolis rising,The Expanse - 7,James S. A. Corey,Orbit Books,2017,9780356510323,https://prodimage.images-bn.com/lf?set=key%5Bresolve.pixelRatio%5D,value%5B1%5D&set=key%5Bresolve.width%5D,value%5B600%5D&set=key%5Bresolve.height%5D,value%5B10000%5D&set=key%5Bresolve.imageFit%5D,value%5Bcontainerwidth%5D&set=key%5Bresolve.allowImageUpscaling%5D,value%5B0%5D&set=key%5Bresolve.format%5D,value%5Bwebp%5D&source=url%5Bhttps://prodimage.images-bn.com/pimages/9780316332859_p0_v3_s600x595.jpg%5D&scale=options%5Blimit%5D,size%5B600x10000%5D&sink=format%5Bwebp%5D
Землемория,Урсула Легуин,Bard,2002,9789545854006,https://biblioman.chitanka.info/thumb/covers/2/4/4/8/2448-595894058a5dc.1000.jpg/%D0%97%D0%B5%D0%BC%D0%BB%D0%B5%D0%BC%D0%BE%D1%80%D0%B8%D1%8F-front-1000px.jpg
Землемория,Урсула Легуин,Bard,2025,https://cdn.ozone.bg/media/catalog/product/cache/1/image/a4e40ebdc3e371adff845072e1c73f37/z/e/fb5d75ff3bde331b138959a3d95b9265/zemlemoriya%C2%A0bard-30.jpg
Битката за ориста,Алън Кол Крис Бънч,Bard,2008,9789545859656,https://assets2.chitanka.info/thumb/book-cover/12/4794.max.jpg
Диамантеният трон,Еления,Дейвид Едингс,Мърлин Публикейшъвс,1998,9789547140124,https://knizhen-pazar.net/books/234/23458/2345881.jpg?size=25681
Орки: Кръвна вражда,Войната на сенките,Стен Никълс,Bard,2010,9789546550910,https://assets2.chitanka.info/thumb/book-cover/0f/4010.max.jpg
Сили,Хроники на западния бряг,Урсула Легуин,Bard,2008,9789545858673,https://assets2.chitanka.info/thumb/book-cover/0c/3095.max.jpg
Сянка по стъклото,Взор през огледалото,Йън Ървайн,Bard,2005,978954585622X,https://assets2.chitanka.info/thumb/book-cover/08/2053.max.jpg
Бог на императори,Сарантийска мозайка,Гай Гавриел Кай,Bard,2007,9789545858437,https://assets2.chitanka.info/thumb/book-cover/23/9141.max.jpg
Други песни,Яцек Дукай,Colibri,2015,9786191506903,https://assets2.chitanka.info/thumb/book-cover/28/10474.max.jpg
Земно ядро,Скот Сиглър,Bard,2009,9789545859885,https://assets2.chitanka.info/thumb/book-cover/1f/8170.max.jpg
Звезден полет,Мелиса Ландърс,Ciela,2016,9789542819981,https://assets2.chitanka.info/thumb/book-cover/2a/10816.max.jpg
Змията и крилете на ноща,Короните на наяксия,Кариса Броудбент,Artline Studios,2024,9786191933624,https://cdn.ozone.bg/media/catalog/product/cache/1/image/a4e40ebdc3e371adff845072e1c73f37/z/m/c35cf26fdfc80b8f8085c5aa4aae3901/zmiyata-i-krilete-na-noshtta-koronite-na-nayaksiya-1---tvardi-koritsi-30.jpg
Пепилищата и прокълнатият крап,Короните на наяксия,Кариса Броудбент,Artline Studios,2024,https://cdn.ozone.bg/media/catalog/product/cache/1/image/a4e40ebdc3e371adff845072e1c73f37/p/e/1424d76784c355d36f1ec04e9962c18d/pepelishtata-i-prokalnatiyat-kral-koronite-na-nayaksiya-2---limitirano-izdanie-30.jpg
Шест изпепелени рози,Кариса Броудбент,Artline Studios,2024,https://cdn.ozone.bg/media/catalog/product/cache/1/image/a4e40ebdc3e371adff845072e1c73f37/s/h/6f6d2181cf113c045484ca16b9571b8d/shest-izpepeleni-rozi-30.jpg
Погубването на вампира завоевател,Кариса Броудбент,Artline Studios,2025,https://cdn.ozone.bg/media/catalog/product/cache/1/image/a4e40ebdc3e371adff845072e1c73f37/p/o/8b5cb8a4ac2dc9927b52076d60ce5e0d/pogubvaneto-na-vampira-zavoevatel-tvarda-koritsa-30.jpg
Потойната птичка и сърцето от камък,Короните на наяксия,Кариса Броудбент,Artline Studios,2025,https://cdn.ozone.bg/media/catalog/product/cache/1/image/a4e40ebdc3e371adff845072e1c73f37/p/o/5de59cc65701018e95a7e5542bd63a27/poynata-ptichka-i-sartseto-ot-kamak-koronite-na-nayaksiya-3---tvarda-koritsa-30.jpg
Падението и целувката на сумрака,Короните на наяксия,Кариса Броудбент,Artline Studios,2026,https://cdn.ozone.bg/media/catalog/product/cache/1/image/a4e40ebdc3e371adff845072e1c73f37/p/a/b7ba675bc2be62b0fa1287e1ac34284c/padenieto-i-tseluvkata-na-sumraka-koronite-na-nayaksiya-4---tvarda-koritsa-30.jpg
Червената пирамида,Хрониките на Кейн,Рик Риърдън,Егмонт,2013,9789542705864,https://assets2.chitanka.info/thumb/book-cover/1a/6772.max.jpg
Огненият престол,Хрониките на Кейн,Рик Риърдън,Егмонт,2011,9789542707073,https://assets2.chitanka.info/thumb/book-cover/1a/6773.max.jpg
Сянката на земята,Хрониките на Кейн,Рик Риърдън,Егмонт,2012,9789542708216,https://assets2.chitanka.info/thumb/book-cover/1a/6774.max.jpg
Дъщерята на лунната богиня,Небесното царство,Су Лин Тан,Artline Studios,2023,9786191933075,https://cdn.ozone.bg/media/catalog/product/cache/1/image/a4e40ebdc3e371adff845072e1c73f37/d/a/b86bdca88f2dfe77364d1a2933af3a07/dashteryata-na-lunnata-boginya-nebesnoto-tsarstvo-1-30.jpg
Сърцето на слънчевия войн,Небесното царство,Су Лин Тан,Artline Studios,2025,https://cdn.ozone.bg/media/catalog/product/cache/1/image/a4e40ebdc3e371adff845072e1c73f37/s/a/27b0bea61f0ffb1939e430ddb7de7b03/sartseto-na-slancheviya-voin-nebesnoto-tsarstvo-2-30.jpg
Кръвта на мага,Квартет за лунните приливи и отливи,Дейвид Хеър,Artline Studios,2017,9786191930920,https://cdn.ozone.bg/media/catalog/product/cache/1/image/a4e40ebdc3e371adff845072e1c73f37/m/a/76831b0236a21691fdc433b073727cb7/kravta-na-maga-kvartet-za-lunnite-prilivi-i-otlivi-1-31.jpg
Свещеният танц,Беа Нади,Bard,2014,9789546555335,https://www.ciela.com/media/catalog/product/cache/32bb0748c82325b02c55df3c2a9a9856/f/i/file_640.jpg
Кралицата на Тиърлинг,Ерика Йохансен,Bard,2015,9789546555885,https://assets2.chitanka.info/thumb/book-cover/28/10446.max.jpg
Силоз,Силоз,Хю Хауи,Artline Studios,2023,9786191933099,https://cdn.ozone.bg/media/catalog/product/cache/1/image/a4e40ebdc3e371adff845072e1c73f37/s/i/d903bec2030c8dc855d91d30bd1ed813/siloz-siloz-1-30.jpg,y
Смяна,Силоз,Хю Хауи,Artline Studios,2024,https://cdn.ozone.bg/media/catalog/product/cache/1/image/a4e40ebdc3e371adff845072e1c73f37/s/m/62411dc241dadb996808c2bfe2700d04/smyana-siloz-2-30.jpg,y
Прах,Силоз,Хю Хауи,Artline Studios,2024,https://cdn.ozone.bg/media/catalog/product/cache/1/image/a4e40ebdc3e371adff845072e1c73f37/p/r/febf14e13f9b9c644260413894bb3152/prah-siloz-3-30.jpg,y
Ние сме легион,Вселената на Боб,Денис Е. Тейлър,Artline Studios,2024,https://cdn.ozone.bg/media/catalog/product/cache/1/image/a4e40ebdc3e371adff845072e1c73f37/n/i/79c20c48b49784c2c2590b33ad66d037/nie-sme-legion-30.jpg
Понеже сме много,Вселената на Боб,Денис Е. Тейлър,Artline Studios,2025,https://cdn.ozone.bg/media/catalog/product/cache/1/image/a4e40ebdc3e371adff845072e1c73f37/p/o/a38503e0cf5c0a6050122afdfe5e8ba6/ponezhe-sme-mnogo-vselenata-bob-2-30.jpg
Окото на света,Колелото на времето,Робърт Джордан,Bard,1998,978954585216Х,https://assets2.chitanka.info/thumb/book-cover/04/1139.max.jpg,y
Великият лов,Колелото на времето,Робърт Джордан,Bard,1998,9789545852176,https://assets2.chitanka.info/thumb/book-cover/04/1140.max.jpg,y
Прероденият дракон,Колелото на времето,Робърт Джордан,Bard,1999,9789545852183,https://assets2.chitanka.info/thumb/book-cover/06/1546.max.jpg,y
Силата на сянката,Колелото на времето,Робърт Джордан,Bard,1999,9789545841330,https://assets2.chitanka.info/thumb/book-cover/06/1634.max.jpg,y
Небесният огън,Колелото на времето,Робърт Джордан,Bard,1999,9789545850051,https://assets2.chitanka.info/thumb/book-cover/06/1680.max.jpg,y
Господарят на хаоса,Колелото на времето,Робърт Джордан,Bard,1999,9789545850345,https://assets2.chitanka.info/thumb/book-cover/06/1760.max.jpg,y
Корона от мечове,Колелото на времето,Робърт Джордан,Bard,1999,9789545850639,https://assets2.chitanka.info/thumb/book-cover/06/1579.max.jpg,y
Пътят на кинжала,Колелото на времето,Робърт Джордан,Bard,2000,9789545852237,https://assets2.chitanka.info/thumb/book-cover/04/1141.max.jpg,y
Сърцето на зимата,Колелото на времето,Робърт Джордан,Bard,2000,9789545851919,https://assets2.chitanka.info/thumb/book-cover/08/2160.max.jpg,y
Кръстопътища по здрач,Колелото на времето,Робърт Джордан,Bard,2003,9789545854359,https://assets2.chitanka.info/thumb/book-cover/08/2197.max.jpg,y
Нож от блянове,Колелото на времето,Робърт Джордан,Bard,2006,9789545840555,https://assets2.chitanka.info/thumb/book-cover/06/1580.max.jpg,y
Буря се надига,Колелото на времето,Робърт Джордан,Bard,2010,9789546551085,https://assets2.chitanka.info/thumb/book-cover/0c/3254.max.jpg,y
Среднощни кули,Колелото на времето,Робърт Джордан,Bard,2011,9789546552181,https://assets2.chitanka.info/thumb/book-cover/1a/6771.max.jpg,y
Спомен от светлина,Колелото на времето,Робърт Джордан,Bard,2013,9789546554000,https://assets2.chitanka.info/thumb/book-cover/1e/7777.max.jpg,y
Пермафрост,Васил Попов,Storytell original,2023,9786197736175,https://cdn.ozone.bg/media/catalog/product/cache/1/image/a4e40ebdc3e371adff845072e1c73f37/p/e/51f623ab34346ddf1bde18bd65d66c4c/permafrost-meka-koritsa-30.jpg
Мамник,Мамник,Васил Попов,Ерове,2025,https://cdn.ozone.bg/media/catalog/product/cache/1/image/a4e40ebdc3e371adff845072e1c73f37/m/a/a17b0e4d8c3794402cec444a8dbf37a0/mamnik-meka-koritsa-30.jpg
Лехуса,Мамник,Васил Попов,Colibri,2025,https://cdn.ozone.bg/media/catalog/product/cache/1/image/a4e40ebdc3e371adff845072e1c73f37/l/e/f60d2dabfe3503ff30a49c5e3e8fdcdd/lehusatvarda-koritsa-30.jpg
Аждер,Мамник,Васил Попов,Colibri,2026,https://cdn.ozone.bg/media/catalog/product/cache/1/image/a4e40ebdc3e371adff845072e1c73f37/a/z/474930c22c841454123d848cea140c98/azhder-mamnik-3---meka-koritsa-30.jpg
Пред вратите на мрака,Войната на демоните,Реймънд Фийст,Bard,2013,9789546553904,https://assets2.chitanka.info/thumb/book-cover/1e/7731.max.jpg
Връхлита страховит легион,Войната на демоните,Реймънд Фийст,Bard,2013,9789546553805,https://assets2.chitanka.info/thumb/book-cover/1e/7706.max.jpg
Чиракът на магьосника  Майстор Магьосник,Сага за войната на разлома,Реймънд Фийст,Bard,2000,9789545851384,https://assets2.chitanka.info/thumb/book-cover/06/1769.max.jpg
Сребротрън  Мрак над Сетанон,Сага за войната на разлома,Реймънд Фийст,Bard,2000,9789545851481,https://assets2.chitanka.info/thumb/book-cover/02/603.max.jpg
Принц на кръвта  Кралският корсар,Сага за войната на разлома,Реймънд Фийст,Bard,2000,9789545851546,https://assets2.chitanka.info/thumb/book-cover/0d/3515.max.jpg
Полетът на нощните ястреби,Войната на мрачния,Реймънд Фийст,Bard,2009,9789546550484,https://assets2.chitanka.info/thumb/book-cover/10/4127.max.jpg
В царството на мрачния,Войната на мрачния,Реймънд Фийст,Bard,2009,9789546550705,https://assets2.chitanka.info/thumb/book-cover/10/4128.max.jpg
Кралство под обсада,Войната на хаоса,Реймънд Фийст,Bard,2014,9789546554574,https://assets2.chitanka.info/thumb/book-cover/24/9471.max.jpg
Застрашена корона,Войната на хаоса,Реймънд Фийст,Bard,2014,9789546554703,https://assets2.chitanka.info/thumb/book-cover/25/9472.max.jpg
Краят на магьосника,Войната на хаоса,Реймънд Фийст,Bard,2014,9789546555113,https://assets2.chitanka.info/thumb/book-cover/25/9473.max.jpg
Крал на пепелища,Легенда за огнегривия,Реймънд Фийст,Bard,2018,9789546558596,https://cdn.ozone.bg/media/catalog/product/cache/1/image/a4e40ebdc3e371adff845072e1c73f37/k/r/354dd0e4a1a92827aaad8e068e0f65fe/kral-na-pepelishta-legenda-za-ognegriviya-1-30.jpg
Кралица на бурите,Легенда за огнегривия,Реймънд Фийст,Bard,2021,9786190300410,https://cdn.ozone.bg/media/catalog/product/cache/1/image/a4e40ebdc3e371adff845072e1c73f37/k/r/547118411b28d8df05d8c6778a771296/kralitsa-na-burite-legenda-za-ognegriviya-2-30.jpg
Господар на стихии,Легенда за огнегривия,Реймънд Фийст,Bard,2022,9786190301660,https://cdn.ozone.bg/media/catalog/product/cache/1/image/a4e40ebdc3e371adff845072e1c73f37/g/o/7d3cf535eeb9250e68185d87304b838b/gospodar-na-stihii-legenda-za-ognegriviya-3-30.jpg
Мракът се завръща,Сага за войната на драконите,Реймънд Фийст,Bard,2025,https://i4.helikon.bg/products/0340/25/250340/250340_b.jpg?t=1749309448
Смъртоносна академия,Магьосническа академия,Наоми Новик,Ciela,2021,9789542835134,https://cdn.ozone.bg/media/catalog/product/cache/1/image/a4e40ebdc3e371adff845072e1c73f37/s/m/1418c6a9ac3128ebb207f720ef64cc43/smartonosna-akademiya-magyosnicheska-akademiya-1-30.jpg,y
Последното диплониране,Магьосническа академия,Наоми Новик,Ciela,2022,9789542839989,https://cdn.ozone.bg/media/catalog/product/cache/1/image/a4e40ebdc3e371adff845072e1c73f37/p/o/fd24a6433c6c8332f21881ac3351005f/poslednoto-diplomirane-magyosnicheska-akademiya-2-30.jpg,y
Златните анклави,Магьосническа академия,Наоми Новик,Ciela,2023,9789542843801,https://cdn.ozone.bg/media/catalog/product/cache/1/image/a4e40ebdc3e371adff845072e1c73f37/z/l/4032564e1ec361fb4c1939268d5f2908/zlatnite-anklavi-magyosnicheska-akademiya-3-30.jpg,y
Даровита,Даровита,Кристин Кашор,Емас,2008,https://assets2.chitanka.info/thumb/book-cover/1e/7695.max.jpg,y
Огнена,Даровита,Кристин Кашор,Емас,2009,9789543572564,https://cdn.ozone.bg/media/catalog/product/cache/1/image/a4e40ebdc3e371adff845072e1c73f37/o/g/81009ac4ab56a0648ede0b03e76401fb/ognena-sveta-na-darovita-2-31.jpg
Лазурна,Даровита,Кристин Кашор,Емас,2012,9789543572861,https://cdn.ozone.bg/media/catalog/product/cache/1/image/a4e40ebdc3e371adff845072e1c73f37/l/a/8185a200a3090becab5a1b57db7b2f18/lazurna-sveta-na-darovita-3-31.jpg
Палач на богове,Fallen Gods,Хана Кейнър,Ciela,2024,9789542845959,https://ciela.bg/wp-content/uploads/2024/03/palach-na-bogove-ciela.jpg
Носител на слънцето,Fallen Gods,Хана Кейнър,Ciela,2025,https://cdn.ozone.bg/media/catalog/product/cache/1/image/a4e40ebdc3e371adff845072e1c73f37/n/o/5bb1d92334a73f5170318c3acbef9f50/nositel-na-slantseto-fallen-gods-2-30.jpg
Дом на пръст и кръв,Лунатикон,Сара Дж. Маас,Егмонт,2020,9789542724513,https://cdn.ozone.bg/media/catalog/product/cache/1/image/a4e40ebdc3e371adff845072e1c73f37/h/o/84e8d36621f0d737b626dee21972e5d9/dom-na-prast-i-krav-lunation-1-30.jpg,y
Дом на небеса и дихания,Лунатикон,Сара Дж. Маас,Егмонт,2022,9789542727453,https://cdn.ozone.bg/media/catalog/product/cache/1/image/a4e40ebdc3e371adff845072e1c73f37/d/o/d6f9919c617aec9898c1005d553cde08/dom-na-nebesa-i-dihaniya-lunation-2-30.jpg,y
Дом на пламъци и сенки,Лунатикон,Сара Дж. Маас,Егмонт,2024,9789542732051,https://cdn.ozone.bg/media/catalog/product/cache/1/image/a4e40ebdc3e371adff845072e1c73f37/d/o/92822e76a487d929080c7a2d2bc635ac/dom-na-plamatsi-i-senki-lunation-3-30.jpg,y
Сянката на боговете,Сага за кръвнозаклетите,Джон Гуин,Artline Studios,2024,9786191933877,https://cdn.ozone.bg/media/catalog/product/cache/1/image/a4e40ebdc3e371adff845072e1c73f37/s/y/b1cd8ea79588916b89f2c9c7e56e3ecc/syankata-na-bogovete-tvardi-koritsi-30.jpg,y
Гладът на боговете,Сага за кръвнозаклетите,Джон Гуин,Artline Studios,2025,https://cdn.ozone.bg/media/catalog/product/cache/1/image/a4e40ebdc3e371adff845072e1c73f37/g/l/789a2ca5a077eae92d9e73d61f17589a/gladat-na-bogovete-saga-za-kravnozakletite-2---tvarda-koritsa-30.jpg,y
Яростта на боговете,Сага за кръвнозаклетите,Джон Гуин,Artline Studios,2026,https://cdn.ozone.bg/media/catalog/product/cache/1/image/a4e40ebdc3e371adff845072e1c73f37/y/a/a53b6a3f40d00fe343ec74079b218583/yarostta-na-bogovete-saga-za-kravnozakletite-3---tvarda-koritsa-30.jpg,y
Злост,Преданите и презрените,Джон Гуин,Artline Studios,2025,https://cdn.ozone.bg/media/catalog/product/cache/1/image/a4e40ebdc3e371adff845072e1c73f37/z/l/1f3b16a046f78b54e144df4628ed5b49/zlost-predanite-i-prezrenite-1---tvarda-koritsa-30.jpg
Доблест,Преданите и презрените,Джон Гуин,Artline Studios,2026,https://cdn.ozone.bg/media/catalog/product/cache/1/image/a4e40ebdc3e371adff845072e1c73f37/d/o/c0a9166ddbd490c00fe6abfac4d37759/doblest-predanite-i-prezrenite-2---meka-koritsa-30.jpg
Пленникът на магьосника,Хрониките на Нарния,К. С. Луис,Труд,2024,https://cdn.ozone.bg/media/catalog/product/cache/1/image/a4e40ebdc3e371adff845072e1c73f37/p/l/d78f0d0f145461d5358b5e9cefcd8fda/plemennikat-na-magyosnika-hronikite-na-narniya-1---novo-izdanie-30.jpg
Лъвът, вещицата и дрешника,Хрониките на Нарния,К. С. Луис,Труд,2024,https://cdn.ozone.bg/media/catalog/product/cache/1/image/a4e40ebdc3e371adff845072e1c73f37/l/a/f259e7b8560d041f651a6edd59081d6a/lavat--veshtitsata-i-dreshnikat-hronikite-na-narniya-2---novo-izdanie-30.jpg
Брий и неговото момче,Хрониките на Нарния,К. С. Луис,Труд,2024,https://cdn.ozone.bg/media/catalog/product/cache/1/image/a4e40ebdc3e371adff845072e1c73f37/b/r/68b98a654787df6293e3ca3c4d48688a/briy-i-negovoto-momche-hronikite-na-narniya-3---novo-izdanie-30.jpg
Принц каспиан,Хрониките на Нарния,К. С. Луис,Труд,2024,https://cdn.ozone.bg/media/catalog/product/cache/1/image/a4e40ebdc3e371adff845072e1c73f37/p/r/8c50ae3302968996d0151c5ae49b6bb7/prints-kaspian-hronikite-na-narniya-4---novo-izdanie-30.jpg
Плаването на "Разсъмване",Хрониките на Нарния,К. С. Луис,Труд,2024,https://cdn.ozone.bg/media/catalog/product/cache/1/image/a4e40ebdc3e371adff845072e1c73f37/p/l/ad676713e0556bf50eb9b356d31c12f7/plavaneto-na-razsamvane-hronikite-na-narniya-5---novo-izdanie-30.jpg
Сребърният стол,Хрониките на Нарния,К. С. Луис,Труд,2024,https://cdn.ozone.bg/media/catalog/product/cache/1/image/a4e40ebdc3e371adff845072e1c73f37/s/r/112a36fc0ee2a1b6a13546c20b4de9b9/srebarniyat-stol-hronikite-na-narniya-6---novo-izdanie-30.jpg
Последната битка,Хрониките на Нарния,К. С. Луис,Труд,2024,https://cdn.ozone.bg/media/catalog/product/cache/1/image/a4e40ebdc3e371adff845072e1c73f37/p/o/a5c720095994ac3ab92f8906ef8b21ba/poslednata-bitka-hronikite-na-narniya-7---novo-izdanie-30.jpg
Трите тела,Земното минало,Лиу Цъсин,Colibri,2020,https://cdn.ozone.bg/media/catalog/product/cache/1/image/a4e40ebdc3e371adff845072e1c73f37/p/r/e09819a0b972fdccba2502bd51dc0433/trite-tela-zemnoto-minalo-1-30.jpg
Тъмна гора,Земното минало,Лиу Цъсин,Colibri,2021,https://cdn.ozone.bg/media/catalog/product/cache/1/image/a4e40ebdc3e371adff845072e1c73f37/z/e/5595f78c2a8f15eefcd2a8b17921b2a1/zemnoto-minalo-2--tamna-gora-e-kniga-30.jpg
Безсмъртната смърт,Земното минало,Лиу Цъсин,Colibri,2022,https://cdn.ozone.bg/media/catalog/product/cache/1/image/a4e40ebdc3e371adff845072e1c73f37/b/e/a72b11f0308b7b85dfee64a41cdd86c3/bezsmartnata-smart-zemnoto-minalo-3-30.jpg
Странстващата земя,Лиу Цъсин,Colibri,2024,https://cdn.ozone.bg/media/catalog/product/cache/1/image/a4e40ebdc3e371adff845072e1c73f37/s/t/806ec5ca1041f5623327c30f007243f3/stranstvashtata-zemya-30.jpg
Кълбовидната мълния,Лиу Цъсин,Colibri,2025,https://www.colibri.bg/aimeos/1.d/files/b/1/b11316bb_cixin-1.jpg
Зората на оникса,Кейт Голдън,Сиела,2024,https://www.book.store.bg/prdimg/339059740/zorata-na-oniksa.jpg
Общежитие за чудовища,Общежитие за чудовища,Милен Хальов,Сиела,2023,https://cdn.ozone.bg/media/catalog/product/cache/1/image/a4e40ebdc3e371adff845072e1c73f37/o/b/79c16f51a0586aa04055c28463caf171/obshtezhitie-za-chudovishta-30.jpg,y
Мракът на вампира,Общежитие за чудовища,Милен Хальов,Сиела,2024,https://cdn.ozone.bg/media/catalog/product/cache/1/image/a4e40ebdc3e371adff845072e1c73f37/o/b/6dc7f01aa193e6685c926562049afc1a/obshtezhitie-za-chudovishta-2--mrakat-na-vampira-30.jpg,y
Детето от пророчеството,Общежитие за чудовища,Милен Хальов,Сиела,2025,https://cdn.ozone.bg/media/catalog/product/cache/1/image/a4e40ebdc3e371adff845072e1c73f37/o/b/ce2ef0e245992834e9fc65f1e0716074/obshtezhitie-za-chudovishta-3--deteto-ot-prorochestvoto-30.jpg,y
Петият сезон,Разрушената земя,Н. К. Джемисин,Artline Studios,2024,https://cdn.ozone.bg/media/catalog/product/cache/1/image/a4e40ebdc3e371adff845072e1c73f37/p/e/93b3253d44d16503a1e9df0604325c4b/petiyat-sezon-tvardi-koritsi-s-oblozhka-30.jpg
Порталът на обелиските,Разрушената земя,Н. К. Джемисин,Artline Studios,2025,https://cdn.ozone.bg/media/catalog/product/cache/1/image/a4e40ebdc3e371adff845072e1c73f37/p/o/a71fe18e474e8ad7e1521ac4c6f8cf4e/portalat-na-obeliskite-razrushenata-zemya-2---tvarda-koritsa-30.jpg
Ендимион,Дан Симънс,Bard,2015,https://cdn.ozone.bg/media/catalog/product/cache/1/image/a4e40ebdc3e371adff845072e1c73f37/e/n/a5326efb928e362b1357a62b940c5698/endimion-31.jpg
Хиперион,Дан Симънс,Bard,2010,https://cdn.ozone.bg/media/catalog/product/cache/1/image/a4e40ebdc3e371adff845072e1c73f37/h/i/350be918c0a704b24c78ab006aa06c63/hiperion-tvardi-koritsi-31.jpg
Портал към безкрая,М. Р. Кери,Artline Studios,2024,https://cdn.ozone.bg/media/catalog/product/cache/1/image/a4e40ebdc3e371adff845072e1c73f37/p/o/342cf82c0412d04dd4e8b5b3469eadd5/portal-kam-bezkraya-30.jpg
Ехото на световете,М. Р. Кери,Artline Studios,2026,https://cdn.ozone.bg/media/catalog/product/cache/1/image/a4e40ebdc3e371adff845072e1c73f37/e/h/3bbc8b376c9228ef370e5aa7f69c2e0d/ehoto-na-svetovete-30.jpg
Да спиш в море от звезди,Кристофър Паолини,Artline Studios,2024,https://cdn.ozone.bg/media/catalog/product/cache/1/image/a4e40ebdc3e371adff845072e1c73f37/d/a/b2e24f7dc65caa38008706182bba59e3/da-spish-v-more-ot-zvezdi-30.jpg
Деца на времето,Деца на времето,Ейдриън Чайковски,Artline Studios,2024,https://cdn.ozone.bg/media/catalog/product/cache/1/image/a4e40ebdc3e371adff845072e1c73f37/d/e/8ea969930b15232ef6d7fa373016db99/detsa-na-vremeto-30.jpg
Деца на разрухата,Деца на времето,Ейдриън Чайковски,Artline Studios,2025,https://cdn.ozone.bg/media/catalog/product/cache/1/image/a4e40ebdc3e371adff845072e1c73f37/d/e/f9a03c9f790659a1749c03a7a6b721b5/detsa-na-razruhata-detsa-na-vremeto-2-30.jpg
Деца на паметта,Деца на времето,Ейдриън Чайковски,Artline Studios,2026,https://cdn.ozone.bg/media/catalog/product/cache/1/image/a4e40ebdc3e371adff845072e1c73f37/d/e/cf0c52265a3e9e52051009ce33535534/detsa-na-pametta-detsa-na-vremeto-3-30.jpg
Крещящото стълбище,Локуд и сие,Джонатан Страуд,Artline Studios,2020,https://cdn.ozone.bg/media/catalog/product/cache/1/image/a4e40ebdc3e371adff845072e1c73f37/l/o/1b8099b3fc5826cc2e85edc3b97f3bbc/lokud-i-sie-1--kreshtyashtoto-stalbishte-30.jpg
Шепотът на черепа,Локуд и сие,Джонатан Страуд,Artline Studios,2020,https://cdn.ozone.bg/media/catalog/product/cache/1/image/a4e40ebdc3e371adff845072e1c73f37/l/o/89d8bd620d7269bf9b2b1706a96fa658/lokud-i-sie-2--shepotat-na-cherepa-30.jpg
Кухото момче,Локуд и сие,Джонатан Страуд,Artline Studios,2020,https://cdn.ozone.bg/media/catalog/product/cache/1/image/a4e40ebdc3e371adff845072e1c73f37/l/o/9d3d27ad5f5830f48ea0273765dfffab/lokud-i-sie-3--kuhoto-momche-30.jpg
Пълзящата сянка,Локуд и сие,Джонатан Страуд,Artline Studios,2022,https://cdn.ozone.bg/media/catalog/product/cache/1/image/a4e40ebdc3e371adff845072e1c73f37/l/o/125f76bd47f5cdcf079b72762e639c53/lokud-i-sie-4--palzyashtata-syanka-30.jpg
Празният гроб,Локуд и сие,Джонатан Страуд,Artline Studios,2022,https://cdn.ozone.bg/media/catalog/product/cache/1/image/a4e40ebdc3e371adff845072e1c73f37/l/o/30b2eb6f06200fe0cda16feb5c6d5d9f/lokud-i-sie-5--prazniyat-grob-30.jpg
Северният вятър,Александрия Уоруик,Сиела,2024,https://cdn.ozone.bg/media/catalog/product/cache/1/image/a4e40ebdc3e371adff845072e1c73f37/s/e/24c4c8df09646ead47797774d209e36c/severniyat-vyatar-30.jpg
Сребърна песен, нощен пламък,Песен за последното кралство,Амели Уън Джао,Лютиче,2024,https://cdn.ozone.bg/media/catalog/product/cache/1/image/a4e40ebdc3e371adff845072e1c73f37/s/r/264eea0bef850bb166b62b74c9fe2af6/srebarna-pesen--noshten-plamak-pesen-za-poslednoto-kralstvo-1-30.jpg
Тъмна звезда гори, бяла пепел се сипе,Песен за последното кралство,Амели Уън Джао,Лютиче,2024,https://cdn.ozone.bg/media/catalog/product/cache/1/image/a4e40ebdc3e371adff845072e1c73f37/t/a/ea975b7f5a066097c1d97dc8cc46950e/tamna-zvezda-gori--byala-pepel-se-sipe-pesen-za-poslednoto-kralstvo-2-30.jpg
Пет пречупени остриета,Пречупените остриета,Мей Корланд,Artline Studios,2024,https://cdn.ozone.bg/media/catalog/product/cache/1/image/a4e40ebdc3e371adff845072e1c73f37/p/e/fdee3b497d7de464691720fa8fbf58e7/pet-prechupeni-ostrieta-tvarda-koritsa-30.jpg
Четири сразени кралства,Пречупените остриета,Мей Корланд,Artline Studios,2025,https://cdn.ozone.bg/media/catalog/product/cache/1/image/a4e40ebdc3e371adff845072e1c73f37/c/h/5e6b697abe1210732a0a1db6e44fd193/chetiri-srazeni-kralstva-prechupenite-ostrieta-2---tvarda-koritsa-30.jpg
Три сломени души,Пречупените остриета,Мей Корланд,Artline Studios,2026,https://cdn.ozone.bg/media/catalog/product/cache/1/image/a4e40ebdc3e371adff845072e1c73f37/t/r/13ff3a8e6b048e32f628f2e2d55d8aac/tri-slomeni-dushi-prechupenite-ostrieta-3---tvarda-koritsa-30.jpg
Искряшият меч,Наследството на Даркуотър,Крис Удинг,Artline Studios,2025,https://cdn.ozone.bg/media/catalog/product/cache/1/image/a4e40ebdc3e371adff845072e1c73f37/i/s/6eb7d3591638ad6fa467f05f358ded0d/iskryashtiyat-mech-nasledstvoto-na-darkuotar-1---tvarda-koritsa-30.jpg
Призрачното ковчеже,Наследството на Даркуотър,Крис Удинг,Artline Studios,2025,https://cdn.ozone.bg/media/catalog/product/cache/1/image/a4e40ebdc3e371adff845072e1c73f37/p/r/599c1c301b95223608977e4e8ba7428a/prizrachnoto-kovchezhe-nasledstvoto-na-darkuotar-2---tvarda-koritsa-30.jpg
Геомант - Бягството,Кладенецът на ехото,Йън Ървайн,MBG Books,2013,https://cdn.ozone.bg/media/catalog/product/cache/1/image/a4e40ebdc3e371adff845072e1c73f37/g/e/196e5afb97519b083d3422165922e4d7/geomant---tom-1--byagstvoto-kladenetsat-na-ehoto-1-30.jpg,y
Геомант - Преследването,Кладенецът на ехото,Йън Ървайн,MBG Books,2013,https://cdn.ozone.bg/media/catalog/product/cache/1/image/a4e40ebdc3e371adff845072e1c73f37/g/e/036beb7e7f36e48ffb2d5072317b7ee4/geomant---tom-2--presledvaneto-kladenetsat-na-ehoto-2-30.jpg,y
Тетрарх - Аварията,Кладенецът на ехото,Йън Ървайн,MBG Books,2013,https://cdn.ozone.bg/media/catalog/product/cache/1/image/a4e40ebdc3e371adff845072e1c73f37/t/e/de87077be677fdad1f7866b694230b98/tetrarh---tom-1--avariyata-kladenetsat-na-ehoto-3-30.jpg,y
Тетрарх - Обединението,Кладенецът на ехото,Йън Ървайн,MBG Books,2013,https://cdn.ozone.bg/media/catalog/product/cache/1/image/a4e40ebdc3e371adff845072e1c73f37/t/e/bc5f2a9ca7c9b2199a189e74b4d37494/tetrarh---tom-2--obedinenieto-kladenetsat-na-ehoto-4-30.jpg,y
Скрутатор - Поробването,Кладенецът на ехото,Йън Ървайн,MBG Books,2014,https://cdn.ozone.bg/media/catalog/product/cache/1/image/a4e40ebdc3e371adff845072e1c73f37/s/k/0f0e218524382aec97a0b41ea094b066/skrutator---tom-1--porobvaneto-kladenetsat-na-ehoto-5-30.jpg,y
Скрутатор - Възмездието,Кладенецът на ехото,Йън Ървайн,MBG Books,2014,https://cdn.ozone.bg/media/catalog/product/cache/1/image/a4e40ebdc3e371adff845072e1c73f37/s/k/a623d2549282b26100594691ea3d8b98/skrutator---tom-2--vazmezdieto-kladenetsat-na-ehoto-6-30.jpg,y
Левиатан се пробужда,Експанзията,Джеймс С.А. Кори,Artline Studios,2025,https://cdn.ozone.bg/media/catalog/product/cache/1/image/a4e40ebdc3e371adff845072e1c73f37/l/e/a0310172ba7f422db3d36859513b8efc/leviatan-se-probuzhda-ekspanziyata-1-30.jpg
Войната на калибан,Експанзията,Джеймс С.А. Кори,Artline Studios,2025,https://cdn.ozone.bg/media/catalog/product/cache/1/image/a4e40ebdc3e371adff845072e1c73f37/v/o/da8845122473a5bd3d7ee2d3cb396a66/voynata-na-kaliban-ekspanziyata-2-30.jpg
Вратата на Абадон,Експанзията,Джеймс С.А. Кори,Artline Studios,2025,https://cdn.ozone.bg/media/catalog/product/cache/1/image/a4e40ebdc3e371adff845072e1c73f37/v/r/09c229f3d55550da43b57ab5185eb6bc/vratata-na-abadon-ekspanziyata-3-30.jpg
Сибола гори,Експанзията,Джеймс С.А. Кори,Artline Studios,2025,https://cdn.ozone.bg/media/catalog/product/cache/1/image/a4e40ebdc3e371adff845072e1c73f37/s/i/b582e1b28d95cb882c2c7d3691daf347/sibola-gori-ekspanziyata-4-30.jpg
Игрите на Немезида,Експанзията,Джеймс С.А. Кори,Artline Studios,2025,https://cdn.ozone.bg/media/catalog/product/cache/1/image/a4e40ebdc3e371adff845072e1c73f37/i/g/12a038078ae3b39c3c0f890ff9ef82ce/igrite-na-nemezida-ekspanziyata-5-30.jpg
Пепелта на Вавилон,Експанзията,Джеймс С.А. Кори,Artline Studios,2025,https://cdn.ozone.bg/media/catalog/product/cache/1/image/a4e40ebdc3e371adff845072e1c73f37/p/e/e214fdee04dc6dcc3236a49330bc616c/pepelta-na-vavilon-ekspanziyata-6-30.jpg
Възходът на Персеполис,Експанзията,Джеймс С.А. Кори,Artline Studios,2026,https://cdn.ozone.bg/media/catalog/product/cache/1/image/a4e40ebdc3e371adff845072e1c73f37/v/a/3523c4e9b6d26fb4f3c65a1283be8a46/vazhodat-na-persepolis-ekspanziyata-7-30.jpg
Гневът на Тиамат,Експанзията,Джеймс С.А. Кори,Artline Studios,2026,https://cdn.ozone.bg/media/catalog/product/cache/1/image/a4e40ebdc3e371adff845072e1c73f37/g/n/170cbbedd7aef1a68b839e64f7c770d7/gnevat-na-tiamat-ekspanziyata-8-30.jpg
Милостта на боговете,The captives war,Джеймс С.А. Кори,Artline Studios,2025,https://cdn.ozone.bg/media/catalog/product/cache/1/image/a4e40ebdc3e371adff845072e1c73f37/m/i/dd33b62b23545dabc9281d147621999b/milostta-na-bogovete-30.jpg
Мики7, ,Едуард Аштън,Artline Studios,2025,https://cdn.ozone.bg/media/catalog/product/cache/1/image/a4e40ebdc3e371adff845072e1c73f37/m/i/7ae8ae48dca899ab338a5e0e517ca5bc/miki7-30.jpg,y
Мечът на Кайген,М. Л. Уанг,Artline Studios,2025,https://cdn.ozone.bg/media/catalog/product/cache/1/image/a4e40ebdc3e371adff845072e1c73f37/m/e/b12bb940f073e5495d7a08f72a1cd3eb/mechat-na-kaygen-tvarda-koritsa-30.jpg,y
Кръв над светъл пристан,М. Л. Уанг,Pepermill books,2025,https://cdn.ozone.bg/media/catalog/product/cache/1/image/a4e40ebdc3e371adff845072e1c73f37/k/r/5efd93431b244e0660027c21dfa65f87/krav-nad-svetal-pristan-30.jpg
Големът и джинът,Хелийн Уекър,Artline Studios,2025,https://cdn.ozone.bg/media/catalog/product/cache/1/image/a4e40ebdc3e371adff845072e1c73f37/g/o/d059360af26a2aebe7bdf14c341e55f4/golemat-i-dzhinat-30.jpg
3зекиил,Питър Кодрън,Artline Studios,2025,https://cdn.ozone.bg/media/catalog/product/cache/1/image/a4e40ebdc3e371adff845072e1c73f37/3/z/8e52d01089a417118c95af7785ceebe8/3zekiil-30.jpg
Дете на пустинята,Дете на пустинята,Олуин Хамилтън,Егмонт,2016,https://cdn.ozone.bg/media/catalog/product/cache/1/image/a4e40ebdc3e371adff845072e1c73f37/d/e/85ff0d7f32a966c942f85e36f3082fc9/dete-na-pustinyata-31.jpg,y
Предателка,Дете на пустинята,Олуин Хамилтън,Егмонт,2017,https://cdn.ozone.bg/media/catalog/product/cache/1/image/a4e40ebdc3e371adff845072e1c73f37/p/r/44dba6a2bbd908c3875ee8f8bf77dc09/predatelka-dete-na-pustinyata-2-31.jpg,y
Герой,Дете на пустинята,Олуин Хамилтън,Егмонт,2018,https://cdn.ozone.bg/media/catalog/product/cache/1/image/a4e40ebdc3e371adff845072e1c73f37/g/e/6c16fc415ed7777db43f539c8ae598ad/geroy-dete-na-pustinyata-3-31.jpg,y
Кулата на шутовете,Трилогия за сутите,Андрей Сапковски,Сиела,2020,https://cdn.ozone.bg/media/catalog/product/cache/1/image/a4e40ebdc3e371adff845072e1c73f37/k/u/f668f324a84a6c7e42aab5184e015fc6/kulata-na-shutovete-trilogiya-za-husitite-1-30.jpg
Божи воини,Трилогия за сутите,Андрей Сапковски,Сиела,2022,https://cdn.ozone.bg/media/catalog/product/cache/1/image/a4e40ebdc3e371adff845072e1c73f37/b/o/7eb212f7621d037915cc3fd906ab596d/bozhi-voini-trilogiya-za-husitite-2-30.jpg
Вечна светлина,Трилогия за сутите,Андрей Сапковски,Сиела,2025,https://cdn.ozone.bg/media/catalog/product/cache/1/image/a4e40ebdc3e371adff845072e1c73f37/v/e/c1e05d2e2018a255b169b5620b1aa62f/vechna-svetlina-trilogiya-za-husitite-3-30.jpg
Омала,Константин Тилев,Лексикон,2021,https://cdn.ozone.bg/media/catalog/product/cache/1/image/a4e40ebdc3e371adff845072e1c73f37/o/m/bf47f7fd12e8195608d025b6ddb08707/omala-meki-koritsi-30.jpg
Изгревът на Аврора,Цикълът на Аврора,Ейми Кауфман  Джей Кристоф,Егмонт,2020,https://knizhen-pazar.net/books/211/21133/2113355.jpg?size=32877,y
Пламъкът на Аврора,Цикълът на Аврора,Ейми Кауфман  Джей Кристоф,Егмонт,2020,https://cdn.ozone.bg/media/catalog/product/cache/1/image/a4e40ebdc3e371adff845072e1c73f37/a/u/d5f1c910971fd3b99f44865f30f8547f/plamakat-na-avrora-avrora-2-30.jpg,y
Краят на Аврора,Цикълът на Аврора,Ейми Кауфман  Джей Кристоф,Егмонт,2022,https://booktrading.bg/image/cache/catalog/kraiat-na-avrora-1000x1000h.jpg,y
Непокорни небеса,Ан Сей Лин,Artline Studios,2025,https://artline-store.net/media/catalog/product/cache/b34e4ae7702c1db45126019acb79c80f/r/e/rebel_skies_cover_1.jpg
Вестители,Проклятието на Воронина,Цветелина Владимирова,Orange books,https://cdn.ozone.bg/media/catalog/product/cache/1/image/a4e40ebdc3e371adff845072e1c73f37/v/e/fc2162d72accb13a3d709c772384c62d/vestiteli-proklyatieto-na-voronina-1-30.jpg
Пазители,Проклятието на Воронина,Цветелина Владимирова,Orange books,2025,https://cdn.ozone.bg/media/catalog/product/cache/1/image/a4e40ebdc3e371adff845072e1c73f37/p/a/2c8e257ae15f8a9dcb44d7d468d62922/paziteli-proklyatieto-na-voronina-2-30.jpg
Благословени,Проклятието на Воронина,Цветелина Владимирова,Orange books,2025,https://cdn.ozone.bg/media/catalog/product/cache/1/image/a4e40ebdc3e371adff845072e1c73f37/b/l/bec8ef0b40be784146e35143b08163eb/blagosloveni-proklyatieto-na-voronina-3-30.jpg
Плаващият свят,Плаващият свят,Акси О,Pepermill books,2025,https://cdn.ozone.bg/media/catalog/product/cache/1/image/a4e40ebdc3e371adff845072e1c73f37/p/l/f90882a9665a7be7c85e0f388df157e2/plavashtiyat-svyat-30.jpg
Демонът и светлината,Плаващият свят,Акси О,Pepermill books,2025,https://cdn.ozone.bg/media/catalog/product/cache/1/image/a4e40ebdc3e371adff845072e1c73f37/d/e/11ade33a2fc87bb28d84ede4ae67a83e/demonat-i-svetlinata-plavashtiyat-svyat-2-30.jpg
Zodiak Academy: The Awakening,Zodiak Academy,Caroline Peckam Sussane Valenti,King's Hollow,2024,https://cdn.ozone.bg/media/catalog/product/cache/1/image/a4e40ebdc3e371adff845072e1c73f37/z/o/5f09e75a1c2c6e77930c33eb3a5b32f4/zodiac-academy-1--the-awakening-30.jpg
Духът на дракона,Шанън Лий  Фонда Лий,AMG,2025,https://cdn.ozone.bg/media/catalog/product/cache/1/image/a4e40ebdc3e371adff845072e1c73f37/d/a/e370ec9b6b3602c41196143a7026e3f9/dahat-na-drakona---kniga-parva-30.jpg
Нефритен град,Сага за зелената кост,Фонда Лий,Colibri,2024,https://cdn.ozone.bg/media/catalog/product/cache/1/image/a4e40ebdc3e371adff845072e1c73f37/n/e/747fe6b87cf175edfad06fd2bf15e800/nefriten-grad-meki-koritsi-30.jpg
Нефритена война,Сага за зелената кост,Фонда Лий,Colibri,2026,https://cdn.ozone.bg/media/catalog/product/cache/1/image/a4e40ebdc3e371adff845072e1c73f37/n/e/b462a1f13dc142fcecf61a48e9f60e6a/nefritena-voyna-tvardi-koritsi-30.jpg
Кралят на безкрая,Л. Дж. Андрюс,Artline Studios,2025,https://cdn.ozone.bg/media/catalog/product/cache/1/image/a4e40ebdc3e371adff845072e1c73f37/k/r/0a32d3acdeb71707e7452f67ff7196e5/kralyat-na-bezkraya-tvarda-koritsa-30.jpg
451 по Фарейнхайт  Гробище за лунатици,Рей Бредбъри,Bard,2015,https://cdn.ozone.bg/media/catalog/product/cache/1/image/a4e40ebdc3e371adff845072e1c73f37/r/e/594f42d2ec1ec79532b6bd5778b58e92/rey-bredbari--izbrano-1-451-po-farenhayt---grobishte-za-lunatitsi-31.jpg
Марсиански хроники  Дървото на вси светии  Нощен влак за Вавилон,Рей Бредбъри,Bard,2016,https://cdn.ozone.bg/media/catalog/product/cache/1/image/a4e40ebdc3e371adff845072e1c73f37/4/2/98f204b32907c82b1ea7c4ed2128d4c2/rey-bredbari---izbrano-2-marsianski-hroniki--darvoto-na-vsi-svetii--noshten-vlak-za-vavilon-31.jpg
Лечителката от затвора,Лечителката от затвора,Линет Нони,Artline Studios,2025,https://cdn.ozone.bg/media/catalog/product/cache/1/image/a4e40ebdc3e371adff845072e1c73f37/l/e/5203d9a41df7e1af19ac961a5ba1342d/lechitelkata-ot-zatvora-30.jpg,y
Клетка от позлата,Лечителката от затвора,Линет Нони,Artline Studios,2026,https://cdn.ozone.bg/media/catalog/product/cache/1/image/a4e40ebdc3e371adff845072e1c73f37/k/l/2ede1262001a0e1d2f3de588594fa3f3/kletka-ot-pozlata-lechitelkata-ot-zatvora-2-30.jpg,y
The prison healer,The prison healer,Lynette Noni,Hodder & Stoughton,2022,https://cdn.ozone.bg/media/catalog/product/cache/1/image/a4e40ebdc3e371adff845072e1c73f37/t/h/a79679fb1fd35bcb1960421bcf20b072/the-prison-healer-paperback-30.jpg,y
The giulded cage,The prison healer,Lynette Noni,Hodder & Stoughton,2022,https://www.ciela.com/media/catalog/product/cache/32bb0748c82325b02c55df3c2a9a9856/t/h/the_gilded_cage_-_9781529360431_-_lynette_noni_-_ciela.jpg,y
The blood traitor,The prison healer,Lynette Noni,Hodder & Stoughton,2023,https://cdn.ozone.bg/media/catalog/product/cache/1/image/a4e40ebdc3e371adff845072e1c73f37/t/h/db0395b133b5658f2d0afb877997a269/the-blood-traitor-paperback-30.jpg,y
Оскверненият съд,Робърт Джаксън Бенет,Artline Studios,2025,https://cdn.ozone.bg/media/catalog/product/cache/1/image/a4e40ebdc3e371adff845072e1c73f37/o/s/61f7c3b5fc0e7a35610c8cbb65a1e6b6/oskverneniyat-sad---tvarda-koritsa-30.jpg
Полумагьосническа епидемия,Алекс Щварцман,Протон,2025,https://cdn.ozone.bg/media/catalog/product/cache/1/image/a4e40ebdc3e371adff845072e1c73f37/p/o/9c5dcef6e97c33dae5e95ccc5062e887/polumagyosnicheska-epidemiya-30.jpg
Наследникът. Игри на кръв и слава,Денислав Димчев  Яница Михайлова,Сиела,2025,https://cdn.ozone.bg/media/catalog/product/cache/1/image/a4e40ebdc3e371adff845072e1c73f37/n/a/20f4b439afb76800abff22da8d707224/naslednikat-igri-na-krav-i-slava-30.jpg
Шанхай на безсмъртните,Алис Чао,Прозорец,2025,https://cdn.ozone.bg/media/catalog/product/cache/1/image/a4e40ebdc3e371adff845072e1c73f37/s/h/8edd73f0b5b4a492bd5cf56c559e29c4/shanhay-na-bezsmartnite-30.jpg
Град на кости,Реликвите на смъртните,Касандра Клеър,Ибис,2010,https://cdn.ozone.bg/media/catalog/product/cache/1/image/a4e40ebdc3e371adff845072e1c73f37/g/r/d6513efe4c1a06bf8443f34551bb6613/grad-ot-kosti-relikvite-na-smartnite-1-31.jpg
Град от пепел,Реликвите на смъртните,Касандра Клеър,Ибис,2010,https://cdn.ozone.bg/media/catalog/product/cache/1/image/a4e40ebdc3e371adff845072e1c73f37/g/r/e67b719a426560c622ab53da14aaa913/grad-ot-pepel-relikvite-na-smartnite-2-31.jpg
Град от стъкло,Реликвите на смъртните,Касандра Клеър,Ибис,2010,https://cdn.ozone.bg/media/catalog/product/cache/1/image/a4e40ebdc3e371adff845072e1c73f37/g/r/9934595cac18de473d675af3325daf3e/grad-ot-staklo-relikvite-na-smartnite-3-31.jpg
Град на паднали ангели,Реликвите на смъртните,Касандра Клеър,Ибис,2011,https://cdn.ozone.bg/media/catalog/product/cache/1/image/a4e40ebdc3e371adff845072e1c73f37/g/r/e157964aeb205025669d403803369471/grad-na-padnali-angeli-relikvite-na-smartnite-4-31.jpg
Град на изгубени души,Реликвите на смъртните,Касандра Клеър,Ибис,2012,https://cdn.ozone.bg/media/catalog/product/cache/1/image/a4e40ebdc3e371adff845072e1c73f37/g/r/644f3c7b6bb91e8c9c311451c3236374/grad-na-izgubeni-dushi-relikvite-na-smartnite-5-31.jpg
Град на небесен огън,Реликвите на смъртните,Касандра Клеър,Ибис,2014,https://cdn.ozone.bg/media/catalog/product/cache/1/image/a4e40ebdc3e371adff845072e1c73f37/g/r/dd18bd9e6bb4f56256e05bc6a3f67895/grad-na-nebesen-ogan-relikvite-na-smartnite-6-31.jpg
Червения рицар,Синът на предателя,Майлз Кемерън,Pro Book,2025,https://cdn.ozone.bg/media/catalog/product/cache/1/image/a4e40ebdc3e371adff845072e1c73f37/c/h/41f6b2a1da13fd6b63ee1b0e5f92904b/cherveniya-ritsar-sinat-na-predatelya-1-30.jpg
Гибелният меч,Синът на предателя,Майлз Кемерън,Pro Book,2026
Асистентката на злодея,Асистентката на злодея,Хана Никол Мерър,Artline Studios,2025,https://cdn.ozone.bg/media/catalog/product/cache/1/image/a4e40ebdc3e371adff845072e1c73f37/a/s/6fedee4028287daf04a3840caaf3616a/asistentka-na-zlodeya---tvarda-koritsa-30.jpg
Книжарници и прах от коски,Легенди и лате,Травис Болдри,Artline Studios,2025,https://cdn.ozone.bg/media/catalog/product/cache/1/image/a4e40ebdc3e371adff845072e1c73f37/k/n/a95281917750a51fab3af4bd8edd1263/knizharnitsi-i-prah-ot-kosti-novo-izdanie-30.jpg
Легенди и лате,Легенди и лате,Травис Болдри,Artline Studios,2025,https://cdn.ozone.bg/media/catalog/product/cache/1/image/a4e40ebdc3e371adff845072e1c73f37/l/e/48c66db58f0ffe5b496fb260bd7f83a9/legendi-i-late-novo-izdanie-30.jpg
Алхимизирани,СенЛинЮ,Artline Studios,2025,https://cdn.ozone.bg/media/catalog/product/cache/1/image/a4e40ebdc3e371adff845072e1c73f37/a/l/eeeee48269836b817f72812519b12822/alhimizirani-30.jpg,y
Опасни сказания,Бпагой Д. Иванов,Artline Studios,2025,https://cdn.ozone.bg/media/catalog/product/cache/1/image/a4e40ebdc3e371adff845072e1c73f37/o/p/723edaa851de21efa55d131ade91bbd3/opasni-skazaniya-30.jpg
Кръвна песен,Сянката на гарвана,Антъни Райън,Bard,2015,https://cdn.ozone.bg/media/catalog/product/cache/1/image/a4e40ebdc3e371adff845072e1c73f37/k/r/5f849782cb60c2a65ad0cd705310a608/kravna-pesen-syankata-na-garvana-1-31.jpg,y
Владетелят на кулата,Сянката на гарвана,Антъни Райън,Bard,2016,https://cdn.ozone.bg/media/catalog/product/cache/1/image/a4e40ebdc3e371adff845072e1c73f37/v/l/b10fa76fa5d55b309ce0d4df859a6148/vladetelyat-na-kulata-syankata-na-garvana-2-31.jpg,y
Огнената кралица,Сянката на гарвана,Антъни Райън,Bard,2016,https://knizhen-pazar.net/books/105/10584/1058410.jpg?size=10204,y
Зовът на вълка,Острието на гарвана,Антъни Райън,Bard,2022,https://cdn.ozone.bg/media/catalog/product/cache/1/image/a4e40ebdc3e371adff845072e1c73f37/z/o/b40a1f7bebc329cbec2eb2d8f18740de/zovat-na-valka-ostrieto-na-garvana-1-30.jpg,y
Черната песен,Острието на гарвана,Антъни Райън,Bard,2022,https://cdn.ozone.bg/media/catalog/product/cache/1/image/a4e40ebdc3e371adff845072e1c73f37/c/h/c0db8eca647befe6ecb650fac866a01e/chernata-pesen-ostrieto-na-garvana-2-30.jpg,y
Изгнаник,Заветът на стоманата,Антъни Райън,Artline Studios,2026,https://cdn.ozone.bg/media/catalog/product/cache/1/image/a4e40ebdc3e371adff845072e1c73f37/i/z/fefe18b48b8d9b9b7135a374231243a3/izgnanik-zavetat-na-stomanata-1---tvarda-koritsa-30.jpg
Сенките на вселената,Ая Феликс,Мултипринт,2025,https://cdn.ozone.bg/media/catalog/product/cache/1/image/a4e40ebdc3e371adff845072e1c73f37/s/e/6cd0681eafc962b00f7242f328bfc08a/senkite-na-vselenata-30.jpg
Пауталийският кодекс,Ая Феликс,Мултипринт,2026,https://cdn.ozone.bg/media/catalog/product/cache/1/image/a4e40ebdc3e371adff845072e1c73f37/p/a/40d7623d18e03464d61032e3b1fd3baa/pautaliyskiyat-kodeks-30.jpg
Волята на мнозина,Hierarchy,Джеймс Айлингтън,Colibri,2025,https://cdn.ozone.bg/media/catalog/product/cache/1/image/a4e40ebdc3e371adff845072e1c73f37/v/o/317e0da12ae0a7c9e3e96d3093eadb3d/volyata-na-mnozina-30.jpg
Силата на малцина,Hierarchy,Джеймс Айлингтън,Colibri,2026,https://cdn.ozone.bg/media/catalog/product/cache/1/image/a4e40ebdc3e371adff845072e1c73f37/s/i/9e5b0ed6561c57261195166ebeeb7389/silata-na-maltsina-30.jpg
Игрите на глада,Игрите на глада,Сюзан Колинс,Екслибрис,2008,https://cdn.ozone.bg/media/catalog/product/cache/1/image/a4e40ebdc3e371adff845072e1c73f37/i/g/21c0fb1dee462cdb569e1abe136df330/igrite-na-glada-30.jpg
Въпламеняване,Игрите на глада,Сюзан Колинс,Екслибрис,2009,https://cdn.ozone.bg/media/catalog/product/cache/1/image/a4e40ebdc3e371adff845072e1c73f37/i/g/a25f88a9f0259f66c7f210909fbba17f/vazplamenyavane-igrite-na-glada-2-31.jpg
Сойка присмехулка,Игрите на глада,Сюзан Колинс,Екслибрис,2010,https://cdn.ozone.bg/media/catalog/product/cache/1/image/a4e40ebdc3e371adff845072e1c73f37/s/o/19a5fa1cd16e2d4ce18b7ad41888cbf3/soyka-prismehulka-igrite-na-glada-3-30.jpg
Балада за пойни птици и змии,Игрите на глада,Сюзан Колинс,Екслибрис,2020,https://cdn.ozone.bg/media/catalog/product/cache/1/image/a4e40ebdc3e371adff845072e1c73f37/b/a/9be1f2313038a7c46d05e26d9a69ff80/balada-za-poyni-ptitsi-i-zmii-istoriya-ot-igrite-na-glada-30.jpg
Изгревът в деня на жътвата,Игрите на глада,Сюзан Колинс,Екслибрис,2025,https://cdn.ozone.bg/media/catalog/product/cache/1/image/a4e40ebdc3e371adff845072e1c73f37/i/z/6706e48df64486bd0584fecd300c9b1d/izgrevat-v-denya-na-zhatvata-istoriya-ot-igrite-na-glada-30.jpg
Просто поредица от ужасни неща едно след друго,Хрониките на Сейнт Мери,Джоди Тейлър,Pro Book,2026,https://cdn.ozone.bg/media/catalog/product/cache/1/image/a4e40ebdc3e371adff845072e1c73f37/p/r/b694052750b3b15a825c550c12fee824/prosto-poreditsa-ot-uzhasni-neshta-edno-sled-drugo-hronikite-na-seynt-meri-30.jpg
Симфония от отзвуци,Хрониките на Сейнт Мери,Джоди Тейлър,Pro Book,2026,https://cdn.ozone.bg/media/catalog/product/cache/1/image/a4e40ebdc3e371adff845072e1c73f37/s/i/5e9f622e0e6aacf4095245608e7903ea/simfoniya-ot-otzvutsi-hronikite-na-seynt-meri-2-30.jpg
Мръсни дни,Вещерски регистър на чудовищата,Геновева Димова,Сиела,2026,https://cdn.ozone.bg/media/catalog/product/cache/1/image/a4e40ebdc3e371adff845072e1c73f37/m/r/6414cb9094eaed1d722a2090e08b56d7/mrasni-dni-veshterski-registar-na-chudovishtata-1-30.jpg
Страшни дни,Вещерски регистър на чудовищата,Геновева Димова,Сиела,2026,https://cdn.ozone.bg/media/catalog/product/cache/1/image/a4e40ebdc3e371adff845072e1c73f37/s/t/a4cbf8dc64387bf376255b45f539b227/strashni-noshti-veshterski-registar-na-chudovishtata-2-30.jpg
Сияйният меч,Лев Гросман,Artline Studios,2026,https://cdn.ozone.bg/media/catalog/product/cache/1/image/a4e40ebdc3e371adff845072e1c73f37/s/i/848838bdab45cf2a385e2455045dea11/siyayniyat-mech-30.jpg
Слънцеломи,Вида Делчева,Orange books,2025,https://cdn.ozone.bg/media/catalog/product/cache/1/image/a4e40ebdc3e371adff845072e1c73f37/s/l/ee3ce7105ea927cc5496681e26236a89/slantselomi-30.jpg
Кралство от злато и поквара,Сагата за древна Атлантида,Веселина Славова,Либра Скорп,2025,https://cdn.ozone.bg/media/catalog/product/cache/1/image/a4e40ebdc3e371adff845072e1c73f37/k/r/ac5434f60c430e3f3b6616b75eacada2/kralstvo-ot-zlato-i-pokvara-sagata-za-drevna-atlantida-1-30.jpg
An ember in the ashes,An ember in the ashes,Sabaa Tahir,Razorbill,2015,https://cdn.ozone.bg/media/catalog/product/cache/1/image/a4e40ebdc3e371adff845072e1c73f37/a/n/3fd1bb7fb5a87c1b99f2a06ace752670/an-ember-in-the-ashes--book-1--an-ember-in-the-ashes-30.jpg,y
A torch against the night,An ember in the ashes,Sabaa Tahir,Razorbill,https://m.media-amazon.com/images/S/compressed.photo.goodreads.com/books/1715196109i/213075405.jpg,y
A reaper at the gates,An ember in the ashes,Sabaa Tahir,Razorbill,https://m.media-amazon.com/images/S/compressed.photo.goodreads.com/books/1715195973i/213075365.jpg,y
A sky beyond the storm,An ember in the ashes,Sabaa Tahir,Razorbill,https://m.media-amazon.com/images/S/compressed.photo.goodreads.com/books/1715195775i/213075289.jpg,y
Маскарад,Александър Траянов,Ерове ,2026,https://cdn.ozone.bg/media/catalog/product/cache/1/image/a4e40ebdc3e371adff845072e1c73f37/m/a/f570f411d2e096b6d3048576cbef7b8b/maskarad-30.jpg
Черната глутница,Франтишек Котлета,Grant Cardone,2026,https://cdn.ozone.bg/media/catalog/product/cache/1/image/a4e40ebdc3e371adff845072e1c73f37/c/h/ea1f8125e9309366bcb979ab04b75a54/chernata-glutnitsa-30.jpg
Втория ренесанс,Втория ренесанс,Джоана Атанасова,Джоана Атанасова,2024,https://cdn.ozone.bg/media/catalog/product/cache/1/image/a4e40ebdc3e371adff845072e1c73f37/v/t/c73795a928d5f0bf7a3e93881507986f/vtoriyat-renesans-30.jpg
Сенки от злато,Втория ренесанс,Джоана Атанасова,Джоана Атанасова,2026,https://cdn.ozone.bg/media/catalog/product/cache/1/image/a4e40ebdc3e371adff845072e1c73f37/v/t/bec289f0d6e3f28a42ae5b454448d9df/vtoriyat-renesans--senki-ot-zlato-30.jpg
Крадецът с черния език,Кристофър Бюлман,Pro Book,2026,https://www.ciela.com/media/catalog/product/cache/32bb0748c82325b02c55df3c2a9a9856/_/-/_-_-_pro_book_-_9786192900199.jpg
Кралете на дивото,Бандата,Никълъс Иймс,Artline Studios,2024,https://cdn.ozone.bg/media/catalog/product/cache/1/image/a4e40ebdc3e371adff845072e1c73f37/k/r/5feba2ce8aa362893cd2a1f26329b261/kralete-na-divoto-bandata-1---tvardi-koritsi-30.jpg
Кървавата роза,Бандата,Никълъс Иймс,Artline Studios,2026,https://artline-store.net/media/catalog/product/cache/b34e4ae7702c1db45126019acb79c80f/k/r/kr2-tvurda-1.png
Бездуховен,Люлката,Уил Уайт,Bard,2026,https://cdn.ozone.bg/media/catalog/product/cache/1/image/a4e40ebdc3e371adff845072e1c73f37/b/e/79d81926b33728c7245d882b29d0c14d/bezduhoven-lyulkata-1-30.jpg
Малко отчаяна слава,Емили Теш,Artline Studios,2026,https://cdn.ozone.bg/media/catalog/product/cache/1/image/a4e40ebdc3e371adff845072e1c73f37/m/a/2521212e0ecb627b690ba7415dad2ca7/malko-otchayana-slava-30.jpg
Убийци на звезди,Христо Гошев,Потайниче,2026,https://cdn.ozone.bg/media/catalog/product/cache/1/image/a4e40ebdc3e371adff845072e1c73f37/u/b/018ca11060b505936f46977d1896740c/ubiytsi-na-zvezdi-30.jpg
Станция Недър,Кевин Дж. Андерсън,Pro Book,2026
Да изчислиш звездите,Дамата Астронавт,Мери Робинет Коуел,Pro Book,2026,https://cdn.ozone.bg/media/catalog/product/cache/1/image/a4e40ebdc3e371adff845072e1c73f37/d/a/5adc4c3f28ca0c42fdbb4cec919e0591/da-izchislish-zvezdite-damata-astronavt-30.jpg