Title,Series,Author,Publisher,Year,ISBN,Image
Шифърът на Леонардо,Дан Браун,Bard,2003,9789545854330,https://i5.helikon.bg/products/5658/06/65658/65658_b.jpg?t=1680346899
Шестото клеймо,Дан Браун,Bard,2003,9789545854224,https://i1.helikon.bg/products/5488/06/65488/65488_b.jpg?t=1680347837
Жега,Ричард Касъл,Pro Book,2022,9786197502961,https://i1.helikon.bg/products/8388/16/168388/168388_b.jpg?t=1680347837
Малкият принц,Антоан дьо Сент Екзюпери,Софтпрес,2015,9786191512300,https://www.book.store.bg/prdimg/2913/malkiat-princ.jpg
Чашата преля,Дневникът на един дръндьо,Джеф Кини,Дуо дизайн,2009,9789548396523,https://www.orangecenter.bg/media/catalog/product/cache/bdc2c78f7e06003a3c29bc34b94b23a8/9/7/9789548396523_1.jpg
Падането на шеметните залинда,Шерлок Холмс и отрядът от улица Бейкър,Трейси Мак  Майкъл Ситрин,Егмонт,2011,9789542700937,https://cdn.ozone.bg/media/catalog/product/cache/1/image/a4e40ebdc3e371adff845072e1c73f37/s/h/b3beafc14d12f4073b13dc30934c3ac1/padaneto-na-shemetnite-zalinda-sherlok-holms-i-otryadat-ot-ulitsa--beykar--1-31.jpg
Загадъчният призрак,Шерлок Холмс и отрядът от улица Бейкър,Трейси Мак  Майкъл Ситрин,Егмонт,2009,9789542703532,https://cdn.ozone.bg/media/catalog/product/cache/1/image/a4e40ebdc3e371adff845072e1c73f37/s/h/a8786f6915008854c784861cb7952a92/zagadachniyat-prizrak-sherlok-holms-i-otryadat-ot-ulitsa--beykar--2-31.jpg
Мамка му ... и крава,Дейвид Духовни,Бард,2015,9789546555687,https://www.ciela.com/media/catalog/product/cache/32bb0748c82325b02c55df3c2a9a9856/m/a/mamka_mu_i_krava.jpg
Малка каменна топка,Никола Крумов,Пощенска кутия за приказки,2018,9786199082850,https://cdn.ozone.bg/media/catalog/product/cache/1/image/a4e40ebdc3e371adff845072e1c73f37/m/a/cd71802813ebf13a9ab4883260b5e774/malka-kamenna-topka-30.jpg
Дневник от панелните блокове,Никола Крумов,Пощенска кутия за приказки,2015,9786199042120,https://cdn.ozone.bg/media/catalog/product/cache/1/image/a4e40ebdc3e371adff845072e1c73f37/d/n/dcd8b206af60a6cab74981561bd69e5f/dnevnik-ot-panelnite-blokove-31.jpg
На живо от София,Александър Шпатов,Колибри,2014,9786191504169,https://www.colibri.bg/k_img/nazhotsofia3.jpg
Народът на моретата,Библиотека Галактика,Мишел Гримо,Георги Бакалов,1982,9536656374882,https://assets2.chitanka.info/thumb/book-cover/0f/4009.max.jpg
Синият тайфун,Библиотека Галактика,сбор,Георги Бакалов,1979,95363222315562179,https://assets2.chitanka.info/thumb/book-cover/00/68.max.jpg
Тревожни симптоми,Библиотека Галактика,Иля Варшавски,Георги Бакалов,1980,953632133156174180,https://assets2.chitanka.info/thumb/book-cover/00/191.max.jpg
Двойна звезда,Библиотека Галактика,Любен Дилов,Георги Бакалов,1979,9536233211551611479,https://assets2.chitanka.info/thumb/book-cover/12/4640.max.jpg
Нулево решение,Библиотека Галактика,Конрад Фиалковски,Георги Бакалов,1980,953645627238021331,https://assets2.chitanka.info/thumb/book-cover/12/4657.max.jpg
Паноптикум на стари криминални случки,Библиотека Галактика,Иржи Марек,Георги Бакалов,1980,923642943156272280,https://assets2.chitanka.info/thumb/book-cover/0e/3618.max.jpg
Сините пеперуди,Библиотека Галактика,Павел Вежинов,Георги Бакалов,1980,9536226331560516080,https://assets2.chitanka.info/thumb/book-cover/12/4659.max.jpg
Изваяние,Библиотека Галактика,Генадий Гор,Георги Бакалов,1981,9536356175581,https://assets2.chitanka.info/thumb/book-cover/0b/3029.max.jpg
Второто нашествие на марсианците,Библиотека Галактика,А. и Б. Стругацки,Георги Бакалов,1979,95363232315562279,https://assets2.chitanka.info/thumb/book-cover/00/203.max.jpg
Задачата,Библиотека Галактика,Петер Жолдош,Георги Бакалов,1981,9536423331/56275181,https://assets2.chitanka.info/thumb/book-cover/00/81.max.jpg
Денят на възраждането,Библиотека Галактика,Сакьо Комацу,Георги Бакалов,1989,9536615531563741389,https://assets2.chitanka.info/thumb/book-cover/00/133.max.jpg
Космически течения,Библиотека Галактика,Айзък Азимов,Георги Бакалов,1991,9544180125,https://assets2.chitanka.info/thumb/book-cover/05/1284.max.jpg
Млечният път,Библиотека Галактика,Север Гансовски,Георги Бакалов,1984,9536321431561714084,https://assets2.chitanka.info/thumb/book-cover/01/463.max.jpg
Без сенки,Библиотека Галактика,Атанас Наковски,Георги Бакалов,1988,9536256051088,https://assets2.chitanka.info/thumb/book-cover/13/5006.max.jpg
Червената звезда,Библиотека Галактика,Александър Богданов,Георги Бакалов,1984,953632133155322584,https://assets2.chitanka.info/thumb/book-cover/00/123.max.jpg
Цилиндърът на ван троф,Библиотека Галактика,Януш Зайдел,Георги Бакалов,1983,9536456272283,https://assets2.chitanka.info/thumb/book-cover/04/1037.max.jpg
Хиперболоидът на инженер гарин,Библиотека Галактика,Алексей Толстой,Георги Бакалов,1987,9536355326987,https://assets2.chitanka.info/thumb/book-cover/10/4147.max.jpg
Лунна дъга,Библиотека Галактика,Сергей Павлов,Георги Бакалов,1985,9536323531561714385,https://assets2.chitanka.info/thumb/book-cover/04/1158.max.jpg
Знаците на зодиака,Библиотека Галактика,Олга Ларионова,Георги Бакалов,1988,9536356175488,https://assets2.chitanka.info/thumb/book-cover/01/479.max.jpg
Денят на трифидите,Библиотека Галактика,Джон Уиндъм,Георги Бакалов,1982,9536656376382,https://assets2.chitanka.info/thumb/book-cover/04/1206.max.jpg
Цената на бездната,Библиотека Галактика,Адриан Рогоз,Георги Бакалов,1982,953642153156274582,https://assets2.chitanka.info/thumb/book-cover/00/83.max.jpg
Хищните вещи на века,Библиотека Галактика,А. и Б. Стругацки,Георги Бакалов,1987,95363561714087,https://assets2.chitanka.info/thumb/book-cover/06/1672.max.jpg
Лунна дъга 2,Библиотека Галактика,Сергей Павлов,Георги Бакалов,1986,953963561723086,https://assets2.chitanka.info/thumb/book-cover/04/1159.max.jpg
Глиненият бог,Библиотека Галактика,Анатолий Днепров,Георги Бакалов,1985,953632153155321585,https://assets2.chitanka.info/thumb/book-cover/00/155.max.jpg
Гуслярски истории,Библиотека Галактика,Кир Буличов,Георги Бакалов,1982,953632133155176282,https://assets2.chitanka.info/thumb/book-cover/01/467.max.jpg
Живият пясък,Библиотека Галактика,Дмитрий Биленкин,Георги Бакалов,1983,9536321431561719083,https://assets2.chitanka.info/thumb/book-cover/00/246.max.jpg
Дамата с рентгеновите очи,Библиотека Галактика,Светослав Минков,Георги Бакалов,1982,95361213315514182,https://assets2.chitanka.info/thumb/book-cover/01/301.max.jpg
Звездни дневници,Библиотека Галактика,Станислав Лем,Георги Бакалов,1984,9536456275984,https://assets2.chitanka.info/thumb/book-cover/01/469.max.jpg
Верблюд,Библиотека Галактика,Йордан Радичков,Георги Бакалов,1984,953622133156056784,https://assets2.chitanka.info/thumb/book-cover/12/4798.max.jpg
Черният облак,Библиотека Галактика,Фред Хойл,Георги Бакалов,1984,9536623432563710884,https://assets2.chitanka.info/thumb/book-cover/06/1786.max.jpg
Невидимите пътеки на ИТТ, ,Александър Артамонов,Партиздат,1979,15313221120540479,https://knizhen-pazar.net/books/057/5725/572572.jpg?size=9450
Благослови животните и децата,Глендън Суортаут,Христо Г. Данов,1987,9536622331563726887,https://biblioman.chitanka.info/thumb/covers/0/7/2/3/723-58796ee1eec26.1000.jpg/%D0%91%D0%BB%D0%B0%D0%B3%D0%BE%D1%81%D0%BB%D0%BE%D0%B2%D0%B8_%D0%B6%D0%B8%D0%B2%D0%BE%D1%82%D0%BD%D0%B8%D1%82%D0%B5_%D0%B8_%D0%B4%D0%B5%D1%86%D0%B0%D1%82%D0%B0-front-1000px.jpg
Сутрин след чая,Сергей Волф,Отечество,1977,953762133161561277,https://biblioman.chitanka.info/thumb/covers/4/7/7/9/4779-5a943029a4294.1000.jpg/%D0%A1%D1%83%D1%82%D1%80%D0%B8%D0%BD_%D1%81%D0%BB%D0%B5%D0%B4_%D1%87%D0%B0%D1%8F-front-1000px.jpg
Телевизионна мрежа,Пади Чайефски  Сам Хедрин,Христо Г. Данов,1981,9536622311563714081,https://biblioman.chitanka.info/thumb/covers/0/7/0/1/701-5877ce8c6bbed.1000.jpg/%D0%A2%D0%B5%D0%BB%D0%B5%D0%B2%D0%B8%D0%B7%D0%B8%D0%BE%D0%BD%D0%BD%D0%B0_%D0%BC%D1%80%D0%B5%D0%B6%D0%B0-front-1000px.jpg
Какавидите,Фантастика,Джон Уиндъм,Отечество,1982,95378214316356182,https://assets2.chitanka.info/thumb/book-cover/04/1205.max.jpg
Лесно ли е да бъдем съпрузи,Сто защо,Тодор Гергишанов,Народна младеж,1982,953172353110121132,https://knizhen-pazar.net/books/226/22655/2265551.jpg?size=31966
Чудни небесни явления,Природонаучна библиотека,В. Н. Комаров,Народна просвета,1961,https://knizhen-pazar.net/books/133/13384/1338483.jpg?size=18209
Мачинту,Народна култура,Пиетро Бутита,Народна култура,1978,953662121157143178,https://knizhen-pazar.net/books/247/24761/2476104.jpg?size=13419
Тотемът на поетите,Фантастика,Иван Мариновски,Отечество,1985,953731123162572285,https://assets2.chitanka.info/thumb/book-cover/02/696.max.jpg
Космосът да тие е на помощ, Александър,Фантастика,Иван Мариновски,Отечество,1990,953736257290,https://assets2.chitanka.info/thumb/book-cover/05/1398.max.jpg
Английски фантастични разкази,Фантастика,сбор,Отечество,1986,9537662231161261586,https://assets2.chitanka.info/thumb/book-cover/01/267.max.jpg
Сезонът на мъглите,Фантастика,Евгиний Гуляковски,Отечество,1986,953782233163562486,https://assets2.chitanka.info/thumb/book-cover/03/968.max.jpg
Енерган 22,Фантастика,Хаим Оливер,Отечество,1981,953782153163562881,https://assets2.chitanka.info/thumb/book-cover/11/4530.max.jpg
Затворът,Жорж Сименон,Христо Г. Данов,1982,953662133156372181,https://assets2.chitanka.info/thumb/book-cover/06/1639.max.jpg
Феликс значи щастлив,Юрий Королков,Партиздат,1976,3902020100325582,https://knizhen-pazar.net/books/242/24263/2426355.jpg?size=16773
Милион и един ден ваканция,Фантастика,Евгений Велтистов,Отечество,1987,9537562651187,https://knizhen-pazar.net/books/050/5072/507237.jpg?size=28893
Пурпурната цефеида,Фантастика,Ана Величкова,Отечество,1982,9537863561582,https://biblioman.chitanka.info/thumb/covers/0/5/8/1/10581-5d3b36978cb07.1000.jpg/%D0%9F%D1%83%D1%80%D0%BF%D1%83%D1%80%D0%BD%D0%B0%D1%82%D0%B0_%D1%86%D0%B5%D1%84%D0%B5%D0%B8%D0%B4%D0%B0-front-1000px.jpg
Невероятната марка,Фантастика,Величка Настрадинова,Отечество,1989,9537362575389,https://assets2.chitanka.info/thumb/book-cover/00/60.max.jpg
Унгарски фантастични разкази,сбор,Отечество,1983,953782143163562983,https://assets2.chitanka.info/thumb/book-cover/01/279.max.jpg
Петият закон,Фантастика,Никола Кесаровски,Отечество,1983,95373122316257883,https://assets2.chitanka.info/thumb/book-cover/01/471.max.jpg
Сенна хрема,Фантастика,Станислав Лем,Отечество,1979,95378214316356779,https://assets2.chitanka.info/thumb/book-cover/06/1595.max.jpg
Резерватът на таласъмите,Фантастика,Клифърд Саймък,Отечество,1985,953782133163563785,https://podmosta.bg/wp-content/uploads/2013/05/rezervatt-na-talasmite-e1369798574611.jpg
Нанокомпютър за вашето дете,Фантастика,Велко Милоев,Отечество,1988,953736257388,https://knizhen-pazar.net/books/250/25054/2505437.jpg?size=34450
Убийство на игрището за голф,Агата Кристи,Сампо,1991,https://knizhen-pazar.net/books/366/36658/3665859.jpg?size=38982
Летец за особени поръчения,Фантастика,Владислав Крапивин,Отечество,1985,953772153162671085,https://assets2.chitanka.info/thumb/book-cover/00/229.max.jpg
Домът на скитащите,Фантастика,Александър Мирер,Отечество,1984,953762363162671184,https://assets2.chitanka.info/thumb/book-cover/01/324.max.jpg
Складът на световете,Фантастика,сбор,Отечество,1988,9537662871288,https://assets2.chitanka.info/thumb/book-cover/00/18.max.jpg
Щамът на андромеда,Фантастика,Майкъл Крайтън,Отечество,1979,953762143162561279,https://knizhen-pazar.net/books/255/25580/2558097.jpg?size=54714
Светът на въглерода,Айзък Азимов,Наука и изкуство,1987,95325223112354487,https://assets2.chitanka.info/thumb/book-cover/11/4575.max.jpg
Орбитата на сизиф,Фантастика,Петър Кърджилов,Отечество,1987,953732531362576687,https://knizhen-pazar.net/books/001/144/14408.jpg?size=16441
На вратата се позвъни  Гамбит,Рекс Стаут,Народна култура,1987,9536615531563732787,https://assets2.chitanka.info/thumb/book-cover/02/604.max.jpg
Обстоятелства около смъртта на господин N,Леонид Млечин,Христо Г. Данов,1986,9536312411561721586,https://knizhen-pazar.net/books/227/22765/2276549.jpg?size=25924
Сивото кенгуру,Алан Маршал,Партиздат,1980,953662131156371280,https://knigi-za-vseki.com/books/36825.jpg
Изкуството да останем млади,Вили Брайнхолст,Медицина и физкултура,1987,953352221145067187,https://knizhen-pazar.net/books/065/6548/654852.jpg?size=27049
Живите звуци на морето,Природонаучна библиотека,Н. И. Тарасов,Народна просвета,1962,https://knizhen-pazar.net/books/128/12870/1287007.jpg?size=32007
Смъртта на еднодневката,Вирджиния Улф,Народна култура,1983,953662221155579183,https://knizhen-pazar.net/books/052/5210/521040.jpg?size=18736
Стоманените пещери,Фантастика,Айзък Азимов,Отечество,1983,95376214316287383,https://assets2.chitanka.info/thumb/book-cover/04/1198.max.jpg
Наръчник за бащи,Вили Брайнхолст,Медицина и физкултура,1988,953352211145062888,https://knizhen-pazar.net/books/045/4548/454843.jpg?size=8789
Странни работи,Жан-Марк Робер,Народна култура,1980,95366222115637881,https://knizhen-pazar.net/books/151/15146/1514661.jpg?size=29848
Звездният звяр,Фантастика,Робърт Хайнлайн,Отечество,1989,9537662871489,https://assets2.chitanka.info/thumb/book-cover/04/1136.max.jpg
Соларис,Фантастика,Станислав Лем,Отечество,1980,95376214316277780,https://assets2.chitanka.info/thumb/book-cover/04/1248.max.jpg
Обитаемият остров,Фантастика,А. и Б. Стругацки,Отечество,1981,953782153163561081,https://assets2.chitanka.info/thumb/book-cover/03/927.max.jpg
Безсилието на всемогъщите,Фантастика,Хайнер Ранк,Отечество,1984,953762353162771073,https://knizhen-pazar.net/books/278/27852/2785270.jpg?size=50569
Хокерно погребение,Фантастика,Иван Серафимов,Отечество,1989,953736257689,https://assets2.chitanka.info/thumb/book-cover/0e/3594.max.jpg
Следа към вега-орион,Фантастика,Светослав Славчев,Отечество,1979,95378214316356679,https://assets2.chitanka.info/thumb/book-cover/29/10673.max.jpg
Да живее майката,Вили Брайнхолст,Медицина и физкултура,1987,953352221145067287,https://knizhen-pazar.net/books/304/30411/3041168.jpg?size=18407
Славата на холандия,Ян Де Хартох,Георги Бакалов,1982,https://knizhen-pazar.net/books/248/24862/2486285.jpg?size=48114
Атомният човек,Фантастика,Любен Дилов,Отечество,1979,953732153160561578,https://knizhen-pazar.net/books/069/6928/692831.jpg?size=25840
Преднамерено шляене,Мюриъл Спарк,Народна култура,1984,9536612313563731185,https://biblio.chitanka.info/thumb/covers/7/8/3/8/7838-6053387539527.1000.jpg/%D0%9F%D1%80%D0%B5%D0%B4%D0%BD%D0%B0%D0%BC%D0%B5%D1%80%D0%B5%D0%BD%D0%BE_%D1%88%D0%BB%D1%8F%D0%B5%D0%BD%D0%B5-front-1000px.jpg
Гибелта на аякс,Фантастика,Павел Вежинов,Отечество,1989,953736257789,https://assets2.chitanka.info/thumb/book-cover/06/1617.max.jpg
Планетата на шекспир,Фантастика,Клифърд Саймък,Отечество,1990,9537662871790,https://assets2.chitanka.info/thumb/book-cover/05/1416.max.jpg
Потъването на япония,Фантастика,Сакьо Комацу,Отечество,1983,95376216316287783,https://assets2.chitanka.info/thumb/book-cover/01/269.max.jpg
Дългият изгрев на ена,Фантастика,Евгений Гуляковски,Отечество,1987,953732623162671187,https://assets2.chitanka.info/thumb/book-cover/03/969.max.jpg
Момичето от земята,Фантастика,Кир Буличов,Отечество,1981,95377215316354381,https://knizhen-pazar.net/books/270/27090/2709041.jpg?size=28138
Писма от тихия град,Андрей Гуляшки,Христо Г. Данов,1983,9536272211560520283,https://knigoman.bg/books/2303521446_497343674551.jpg
Америка,Франц Кафка,Народна култура,1984,953661231155578985,https://assets2.chitanka.info/thumb/book-cover/2a/10856.max.jpg
Смъртта се нарича енгелхен,Ладислав Мнячко,Народна младеж,1964,https://knizhen-pazar.net/books/259/25952/2595266.jpg?size=49437
Горящата долина,Филип Боноски,Народна младеж,1973,https://knizhen-pazar.net/books/144/14481/1448190.jpg?size=15579
Изстрели от ноевия ковчег или заблудите и лутанията на моя приятел венслов,Петер Абрахам,Народна младеж,1974,https://antikvarni-knigi.net/books/58227.jpg
Разкази  Фейлетони   Пародии,Избрани произведения,Петър Незнакомов,Български писател,1980,2595362560511380,https://knizhen-pazar.net/books/164/16470/1647094.jpg?size=19394
Тайнственият кораб  Разкази за петте океана,Избрани произведения,Петър Незнакомов,Български писател,1980,2595362560511280,https://knizhen-pazar.net/books/331/33102/3310297.jpg?size=45526
Максим Горки,Събрани съчинения - том 1,Максим Горки,Издателство на българската работническа партия,1946,https://knizhen-pazar.net/books/028/2867/286772.jpg?size=11372
Максим Горки -Майка,Събрани съчинения - том 8,Максим Горки,Издателство на българската работническа партия,1946,https://knizhen-pazar.net/books/028/2867/286772.jpg?size=11372
Максим Горки,Събрани съчинения - том 2,Максим Горки,Издателство на българската работническа партия,1946,https://knizhen-pazar.net/books/028/2867/286772.jpg?size=11372
Размисли,Максим Горки,Народна култура,1976,https://knizhen-pazar.net/books/156/15696/1569634.jpg?size=14984
Делото на Артамоновци,Максим Горки,Иван Г. Игнатов & синове,1927,https://knizhen-pazar.net/books/097/9720/972080.jpg?size=27283
Убийството на улица чехов,Андрей Гуляшки,Христо Г. Данов,1985,95362412211560539585,https://knizhen-pazar.net/books/011/1155/115580.jpg?size=8487
Ахелой,Златният век,Андрей Гуляшки,Български писател,1972,https://knizhen-pazar.net/books/187/18781/1878162.jpg?size=35011
Голямото видение,Златният век,Андрей Гуляшки,Български писател,1971,https://knizhen-pazar.net/books/136/13643/1364351.jpg?size=6980
Боят при Адрианопол и първото спречкване на княза с бога,Златният век,Андрей Гуляшки,Български писател,1970,https://knizhen-pazar.net/books/365/36514/3651490.jpg?size=21567
Маршалският жезъл,Избрани произведения,Андрей Гуляшки,Български писател,1974,https://www.evtiniknigi.com/photos/234/rzzg6hoahtiwh1f1a8x7j6kcr6by80.jpg
Срещу 07,Андрей Гуляшки,Български писател,1966,https://avatorot.com/8729-thickbox_default/sreshhu-07.jpg
Яков и дявола,Андрей Гуляшки,Български писател,1981,9536222211560529981,https://knizhen-pazar.net/books/030/3021/302171.jpg?size=29110
Скитник броди по света,Андрей Гуляшки,Български писател,1982,9536222411560500082,https://knizhen-pazar.net/books/086/8614/861444.jpg?size=30412
Домът с махагоново стълбище,Андрей Гуляшки,Български писател,1975,http://slunchevatakniga.com/image/cache/data/DSCF5882-1000x1000.jpg
Трите живота на Йосиф Димов,Андрей Гуляшки,Български писател,1977,953624241255166577,https://knizhen-pazar.net/books/145/14584/1458467.jpg?size=6836
Приключенията на Авакум Захов,Андрей Гуляшки,Български писател,1969,https://knizhen-pazar.net/books/343/34395/3439582.jpg?size=26337
Любов,Андрей Гуляшки,Народна младеж,1986,9536271511560519586,https://knizhen-pazar.net/books/242/24274/2427416.jpg?size=18460
Вълчи нощи,Емилиян Станев,Хемус,1946,https://knizhen-pazar.net/books/280/28084/2808475.jpg?size=44621
Огледалото,Камен Калчев,Български писател,1977,https://knizhen-pazar.net/books/001/176/17613.jpg?size=22540
Пробуждане,Камен Калчев,Български писател,1981,9536222311560514281,https://knizhen-pazar.net/books/006/695/69591.jpg?size=8739
Търновстака царица,Емилиян Станев,Държавно военно издателство,1974,https://knizhen-pazar.net/books/272/27226/2722646.jpg?size=51373
Избрани повести и разкази,Емилиян Станев,Издателство на отечествения фронт,1976,https://evtiniknigi.com/photos/68/ovn7y3vugk9xoe1jnqxms2an1j4m.jpeg
Чернишка,Емилиян Станев,Народна младеж,1967,https://puk.chitanka.info/uploads/posts/2010-08/1282845660_cernishka-1967.jpg
Иван Кондарев 1,Емилиян Станев,Български писател,1964,https://knizhen-pazar.net/books/385/38500/3850051.jpg?size=28668
Иван Кондарев 2,Емилиян Станев,Български писател,1964,https://knizhen-pazar.net/books/385/38500/3850051.jpg?size=28668
Тежък живот,Емилиян Станев,Народна просвета,1948,https://knizhen-pazar.net/books/139/13974/1397402.jpg?size=31317
Юнски ден,Емилиян Станев,Профиздат,1979,https://knizhen-pazar.net/books/397/39750/3975054.jpg?size=41250
Владетелят на света   Човекът, който намери своето лице,Александър Беляев,Народна младеж,1977,95376725116165677,https://knizhen-pazar.net/books/088/8884/888431.jpg?size=29357
Човекът амфибия,Александър Беляев,Народна култура,1972,https://assets2.chitanka.info/thumb/book-cover/04/1181.max.jpg
Неуговорени срещи,Аркадий и Борис Стругацки,Христо Г. Данов,1983,95363515115617283,https://knizhen-pazar.net/books/187/18702/1870268.jpg?size=38812
Семейството на тъкачите,Камен Калчев,Профиздат,1975,https://knizhen-pazar.net/books/387/38746/3874654.jpg?size=38216
Антихрист,Емилиян Станев,Български писател,1970,https://assets2.chitanka.info/thumb/book-cover/07/1867.max.jpg
Избрани произведения,том 2,Камен Калчев,Български писател,1974,https://knizhen-pazar.net/books/350/35064/3506498.jpg?size=13401
Люба,Камен Калчев,Партиздат,1982,953627931156055182,https://knizhen-pazar.net/books/215/21542/2154286.jpg?size=34276
Стара планина,Л. Динев Л. Мелнишки,Наука и изкуство,1962,https://knizhen-pazar.net/books/246/24626/2462626.jpg?size=19118
При извора на живота,Камен Калчев,Партиздат,1979,95362551622579,https://knizhen-pazar.net/books/414/41421/4142115.jpg?size=44125
Мъртви между живи,Христо Траянов,Профиздат,1968,https://knizhen-pazar.net/books/294/29428/2942862.jpg?size=46249
История с кучета,Андрей Гуляшки,Издателство на отечествения фронт,1983,9536212431560524683,https://biblioman.chitanka.info/thumb/covers/2/4/1/4/12414-5ec167ea844e6.1000.jpg/%D0%98%D1%81%D1%82%D0%BE%D1%80%D0%B8%D1%8F_%D1%81_%D0%BA%D1%83%D1%87%D0%B5%D1%82%D0%B0-front-1000px.jpg
Сибирка,Л. А. Чарская,Т. Ф. Чипевъ,1947,https://knizhen-pazar.net/books/243/24358/2435827.jpg?size=34879
Софийски разкази,Камен Калчев,Български писател,1978,9536275222551622078,https://knizhen-pazar.net/books/039/3944/394445.jpg?size=14203
Законът на истината,Христо Траянов,Профиздат,1969,https://knizhen-pazar.net/books/320/32012/3201281_1.jpg?size=48785
Генерална проверка,Камен Калчев,Български писател,1976,https://knizhen-pazar.net/books/152/15219/1521977.jpg?size=32221
Собрание Сочинений,том 1,М. Горький,Художественой Литературий,1949,https://knizhen-pazar.net/books/380/38080/3808056.jpg?size=11095
Собрание Сочинений,том 2,М. Горький,Художественой Литературий,1949,https://knizhen-pazar.net/books/380/38080/3808056.jpg?size=11095
Собрание Сочинений,том 3,М. Горький,Художественой Литературий,1949,https://knizhen-pazar.net/books/380/38080/3808056.jpg?size=11095
Собрание Сочинений,том 4,М. Горький,Художественой Литературий,1950,https://knizhen-pazar.net/books/380/38080/3808056.jpg?size=11095
Собрание Сочинений,том 5,М. Горький,Художественой Литературий,1950,https://knizhen-pazar.net/books/380/38080/3808056.jpg?size=11095
Собрание Сочинений,том 6,М. Горький,Художественой Литературий,1950,https://knizhen-pazar.net/books/380/38080/3808056.jpg?size=11095
Собрание Сочинений,том 7,М. Горький,Художественой Литературий,1950,https://knizhen-pazar.net/books/380/38080/3808056.jpg?size=11095
Собрание Сочинений,том 8,М. Горький,Художественой Литературий,1950,https://knizhen-pazar.net/books/380/38080/3808056.jpg?size=11095
Собрание Сочинений,том 9,М. Горький,Художественой Литературий,1950,https://knizhen-pazar.net/books/380/38080/3808056.jpg?size=11095
Собрание Сочинений,том 10,М. Горький,Художественой Литературий,1951,https://knizhen-pazar.net/books/380/38080/3808056.jpg?size=11095
Собрание Сочинений,том 11,М. Горький,Художественой Литературий,1951,https://knizhen-pazar.net/books/380/38080/3808056.jpg?size=11095
Собрание Сочинений,том 12,М. Горький,Художественой Литературий,1951,https://knizhen-pazar.net/books/380/38080/3808056.jpg?size=11095
Собрание Сочинений,том 13,М. Горький,Художественой Литературий,1951,https://knizhen-pazar.net/books/380/38080/3808056.jpg?size=11095
Собрание Сочинений,том 14,М. Горький,Художественой Литературий,1951,https://knizhen-pazar.net/books/380/38080/3808056.jpg?size=11095
Скъпи микеле  Писмо до едно неродено дете,Наталия Гинсбург  Ориана Фалачи,Христо Г. Данов,1977,https://knizhen-pazar.net/books/269/26900/2690051.jpg?size=48197
Ръководство по авиомоделизъм,Атанас Джонджоров,Медицина и физкултура,1960,https://knizhen-pazar.net/books/384/38434/3843440.jpg?size=37942
A collection of adventure stories,сбор,Вьiсшная школа,1974,https://knizhen-pazar.net/books/257/25714/2571446.jpg?size=49686
Време за живот,Роджър Чапмън,Георги Бакалов,1982,https://knizhen-pazar.net/books/244/24440/2444017.jpg?size=45175
Земя от водата,Греъм Суифт,Народна култура,1989,https://knizhen-pazar.net/books/089/8901/890100.jpg?size=12387
Сватба в константинопол,Ирмтрауд Моргнер,Народна култура,1977,https://knizhen-pazar.net/books/006/644/64405.jpg?size=4623
Сандро от чегем,Фазил Искандер,Народна култура,1976,https://assets2.chitanka.info/thumb/book-cover/17/5974.max.jpg
Младо семейство,Жан-Луи Кюртис,Народна култура,1976,https://knizhen-pazar.net/books/379/37992/3799206.jpg?size=44810
Умеем ли да ръководим?,М.К. Рустомджи,Техника,1982,https://knizhen-pazar.net/books/056/5604/560453.jpg?size=58031
Evgenia Ivanovna,Леонид Леонов,Народна култура,1972,https://knizhen-pazar.net/books/082/8247/824723.jpg?size=15937
Разгром  Молодая гвардия,А. Фадеев,Советский писатель,1947,https://kniganika.ru/images/detailed/41/5b0a788b8a74a3f0b90dbee45119860f_1000376439.jpg
Среща с медуза,Фантастика,сбор,Народна младеж,1983,https://knizhen-pazar.net/books/217/21798/2179893.jpg?size=16469
Авария,Иржи Швейда,Народна младеж,1979,https://knizhen-pazar.net/books/029/2949/294906.jpg?size=27689
Бели пътища,Величко Нешков,Военно издателство,1975,https://knizhen-pazar.net/books/231/23192/2319202.jpg?size=21841
Записки на инженера,Пенко Сомлев,Техника,1987,https://knizhen-pazar.net/books/167/16793/1679348.jpg?size=44284
Човекът собственик,Васил Цонев,Народна младеж,1970,https://knizhen-pazar.net/books/224/22476/2247672.jpg?size=36100
Мексикански разкази,сбор,Народна култура,1980,https://knizhen-pazar.net/books/019/1965/196540.jpg?size=34161
Горещ вятър,Синиша Павич,Издателство на отечествения фронт,1985,https://assets2.chitanka.info/thumb/book-cover/2d/11546.max.jpg
Самопризнание,Павел Вежинов,Български писател,1973,https://knizhen-pazar.net/books/122/12297/1229771.jpg?size=36331
Синият камък,Павел Вежинов,Български писател,1977,https://knizhen-pazar.net/books/059/5987/598760.jpg?size=19975
Везни,Павел Вежинов,Български писател,1986,https://knizhen-pazar.net/books/402/40275/4027595.jpg?size=46874
Внимание: TERRA!,Юрий Новиков,Народна младеж,1977,https://knizhen-pazar.net/books/018/1829/182997.jpg?size=32452
За кого ще гласува сеньор Кайо,Мигел Делибес,Народна култура,1981,https://knizhen-pazar.net/books/249/24926/2492686.jpg?size=32023
Вторник сряда четвъртък,Имре Добози,Христо Г. Данов,1972,https://knizhen-pazar.net/books/132/13292/1329212.jpg?size=31050
Беседи по екология,В. Дьожкин,Земиздат,1977,https://www.knigi-bg.com/img/p/6321-6321-thickbox.jpg
Зад синия праг,Олга Хлудова,Държавно издателство Варна,1965,https://knizhen-pazar.net/books/095/9501/950115.jpg?size=28993
Госпожица самотни сърца,Натаниъл Уест,Христо Г. Данов,1982,https://knizhen-pazar.net/books/106/10684/1068432.jpg?size=30723
Атолът морска звезда,Александър Насибов,Военно издателство,1988,https://knizhen-pazar.net/books/162/16208/1620854.jpg?size=34828
Човекът с жълтата чанта,Хасо Грабнер,Военно издателство,1967,https://knizhen-pazar.net/books/226/22639/2263928.jpg?size=9561
Инспектор стрезов решава,Светослав Славчев  Йордан Костов,Народна младеж,1981,https://assets2.chitanka.info/thumb/book-cover/12/4690.max.jpg
Телеграма с много неизвестни,Свобода Бъчварова,Военно издателство,1985,https://knizhen-pazar.net/books/036/3649/364901.jpg?size=38586
Вероятност равна на нула,Димитър Пеев,Военно издателство,1980,https://assets2.chitanka.info/thumb/book-cover/0c/3077.max.jpg
Завръщането на резидента,Олег Шмельов  Владимир Востоков,Народна младеж,1982,https://assets2.chitanka.info/thumb/book-cover/1e/7770.max.jpg
Песента на соломон,Тони Морисън,Профиздат,1984,https://assets2.chitanka.info/thumb/book-cover/13/5116.max.jpg
Трите лица на янус,Станислав Гагарин,Военно издателство,1986,https://knizhen-pazar.net/books/098/9826/982642.jpg?size=21231
Братята на юда,Бойко Беленски,Военно издателство,1990,https://knizhen-pazar.net/books/050/5058/505877.jpg?size=38118
Произшествие край старата мелница,Димитър Начев,Военно издателство,1986,https://assets2.chitanka.info/thumb/book-cover/13/4944.max.jpg
Бронзовият дявол,Ростислав Самбук,Народна култура,1985,https://knizhen-pazar.net/books/221/22148/2214869.jpg?size=13594
Дежурството прието,Аркадий и Георги Вайнер,Народна младеж,1983,https://knizhen-pazar.net/books/337/33737/3373799.jpg?size=51293
Парола не е нужна,Юлиан Семьонов,Военно издателство,1972,https://knizhen-pazar.net/books/047/4723/472312.jpg?size=20081
Контейнери на смъртта,Сеиичи Моримура,Партиздат,1987,https://assets2.chitanka.info/thumb/book-cover/05/1334.max.jpg
Албигойска легенда,Димитър Мантов,Народна младеж,1977,https://knizhen-pazar.net/books/123/12325/1232519.jpg?size=27255
Яростта на оцелееш,Жак Вин,Георги Бакалов,1975,https://knizhen-pazar.net/books/098/9854/985494.jpg?size=29790
Операция Терминал,В. Н. Висоцки,Издателство на отечествения фронт,1979,https://knizhen-pazar.net/books/284/28424/2842409.jpg?size=33164
Пътешественикът от естремадура,Алвар Нуниес  Кабеса де Вака,Наука и изкуство,1981,https://knizhen-pazar.net/books/413/41386/4138600.jpg?size=32467
Президентът,Жорж Сименон,Издателство на отечествения фронт,1971,https://knizhen-pazar.net/books/008/863/86327.jpg?size=20533
Случай с дъх на шанел,Олдржих Косек,Народна младеж,1985,https://knizhen-pazar.net/books/031/3125/312560.jpg?size=19490
Среднощен каубой,Джеймс Лио Хърлихи,Народна култура,1981,https://assets2.chitanka.info/thumb/book-cover/1c/7351.max.jpg
Дамата с червената шапка,Стафан Бекман,Народна култура,1981,https://knizhen-pazar.net/books/053/5390/539083.jpg?size=31863
Не си по-голям от хляба,Атанас Лазовски,Народна младеж,1978,https://knizhen-pazar.net/books/209/20920/2092045.jpg?size=26172
Коравият плод,Тайе Скоу-Хансен,Народна култура,1980,https://knizhen-pazar.net/books/043/4324/432425.jpg?size=18771
Денят на жестокостта,Сейчо Мацумото,Военно издателство,1978,https://assets2.chitanka.info/thumb/book-cover/00/236.max.jpg
Алба регия,Мария Фортус,Военно издателство,1985,https://knizhen-pazar.net/books/067/6784/678424.jpg?size=38239
Знамението на лирата,Вацлав Ербен,Военно издателство,1967,https://knizhen-pazar.net/books/213/21375/2137539.jpg?size=9044
Знамението на лирата,Вацлав Ербен,Военно издателство,1967,https://knizhen-pazar.net/books/213/21375/2137539.jpg?size=9044
Последният чародеец,Василе Войкулеску,Народна култура,1974,https://knizhen-pazar.net/books/357/35765/3576516.jpg?size=48892
Дмитрий Донски,Георги Гавраилов,Военно издателство,1966,https://knizhen-pazar.net/books/190/19019/1901965.jpg?size=29283
Смях и болка,том 1,сбор,Христо Г. Данов,1981,https://knizhen-pazar.net/books/273/27301/2730178.jpg?size=41470
Смях и болка,том 2,сбор,Христо Г. Данов,1981,https://knizhen-pazar.net/books/273/27301/2730178.jpg?size=41470
Хайдушка кръв,Димитър Мантов,Христо Г. Данов,1979,https://assets2.chitanka.info/thumb/book-cover/07/1793.max.jpg
Издирва се...,Аркадий Адамов,Народна култура,1989,https://knizhen-pazar.net/books/069/6954/695480.jpg?size=8927
Шест делника, един празник,Климент Цачев,Български писател,1974,https://knizhen-pazar.net/books/006/664/66421.jpg?size=7429
Дикое поле,Вадим Андреев,Советский писатель,1967,https://s1.livelib.ru/boocover/1000783102/o/f260/Vadim_Andreev__Dikoe_pole.jpeg
Кратък философски речник,М. Розентал  П. Юдин,Издателство на българската работническа партия,1947,https://knizhen-pazar.net/books/118/11844/1184495.jpg?size=26620
Смях,Тодор Павлов,Георги Бакалов,1977,https://knizhen-pazar.net/books/335/33573/3357367.jpg?size=16227
Утоляване на жаждата,Юрий Трифонов,Народна култура,1965,https://knizhen-pazar.net/books/015/1524/152405.jpg?size=17267
Втора рота,Павел Вежинов,Български писател,1970,https://avatorot.com/5909-thickbox_default/vtora-rota.jpg
Александър Стамболийски,Людмил Стоянов,Издателство на БЗНС,1977,https://knizhen-pazar.net/books/410/41079/4107928.jpg?size=23396
Мехмед Синап,Людмил Стоянов,Военно издателство,1979,https://assets2.chitanka.info/thumb/book-cover/26/9932.max.jpg
Пирине мой,Евтим Евтимов,Партиздат,1979,https://knigizateb.com/14570-thickbox_default/%D0%BF%D0%B8%D1%80%D0%B8%D0%BD%D0%B5-%D0%BC%D0%BE%D0%B9.jpg
Стридената черупка,Фахри Ердинч,Български писател,1977,https://knizhen-pazar.net/books/080/8079/807985.jpg?size=11848
Повест за училището,Г. И. Матвеев,Народна просвета,1963,https://knizhen-pazar.net/books/152/15236/1523662.jpg?size=13062
Планетарий  Златните плодове  Употребата на словото,Натали Сарот,Народна култура,1981,https://knizhen-pazar.net/books/247/24725/2472558.jpg?size=36074
Да яздиш диво пони,Джеймс Олдридж,Отечество,1984,https://assets2.chitanka.info/thumb/book-cover/09/2428.max.jpg
Училищният певец,Ърнест Томпсън Сетън,Народна младеж,1974,https://knizhen-pazar.net/books/214/21463/2146333.jpg?size=24509
Пропуснатият шанс,Любен Дилов,Христо Г. Данов,1986,https://knizhen-pazar.net/books/379/37945/3794507.jpg?size=38626
Не пушете! затегнете коланите,Любен Дилов,Народна младеж,1982,https://knizhen-pazar.net/books/166/16644/1664468.jpg?size=14609
Незавършеният роман на една студентка,Любен Дилов,Български писател,1986,https://knizhen-pazar.net/books/314/31481/3148113.jpg?size=50539
Точката на Лагранж,Любен Дилов,Български писател,1983,https://knizhen-pazar.net/books/260/26049/2604947.jpg?size=46754
Пътят на Икар,Любен Дилов,Христо Г. Данов,1984,https://assets2.chitanka.info/thumb/book-cover/0b/2963.max.jpg
Жестокият експеримент,Любен Дилов,Георги Бакалов,1985,https://assets2.chitanka.info/thumb/book-cover/0d/3348.max.jpg
Наполеон умря в русия,Гуидо Артом,Народна култура,1970,https://knizhen-pazar.net/books/362/36296/3629676.jpg?size=39568
И това се нарича делници,Владимир Попов,Профиздат,1976,https://knizhen-pazar.net/books/087/8785/878515.jpg?size=20362
Черните лебеди,Богомил Райнов,Български писател,1977,https://assets2.chitanka.info/thumb/book-cover/0f/3882.max.jpg
Трима самотници,Богомил Райнов,Народна младеж,1983,https://knizhen-pazar.net/books/312/31224/3122498.jpg?size=16406
Царството на птиците,  ,Ценко Цветанов,Никола Ив. Божинов,1940,https://alba-books.com/image/cache/data/Art/carstwoptiici-589x800-product_popup.jpg
До райската градина и назад,Любен Дилов,Отечество,1983,https://assets2.chitanka.info/thumb/book-cover/07/1859.max.jpg
Няма нищо по хубаво от лошото време,Богомил Райнов,Български писател,1974,https://evtiniknigi.com/photos/234/jcfdvzz9byt5l1o4ztqr7qj10381b7.jpg
Денят не си личи по заранта,Богомил Райнов,Български писател,1981,https://knizhen-pazar.net/books/246/24681/2468112.jpg?size=51515
Умирай саво в краен случай  Тайфуни с нежни имена,Богомил Райнов,Български писател,1984,https://knizhen-pazar.net/books/018/1818/181847.jpg?size=28340
Голямата скука,Богомил Райнов,Български писател,1974,https://knizhen-pazar.net/books/040/4042/404289.jpg?size=19846
Краят на пътя,Богомил Райнов,Народна младеж,1988,https://knizhen-pazar.net/books/379/37940/3794081.jpg?size=24223
Нерон,Александър Кравчук,Издателство на отечествения фронт,1986,https://knizhen-pazar.net/books/023/2389/238908.jpg?size=30879
Къщата с призраците,Уошингтън Ървинг,Отечество,1984,https://assets2.chitanka.info/thumb/book-cover/00/181.max.jpg
Късни младоженци,Стоян Ц. Даскалов,Български писател,1977,https://knizhen-pazar.net/books/147/14763/1476321.jpg?size=42236
Път,Стоян Ц. Даскалов,Издателство на българската работническа партия,1950,https://knizhen-pazar.net/books/394/39480/3948073.jpg?size=51442
Дворъ,Стоян Ц. Даскалов,Хемус,1943,https://knizhen-pazar.net/books/179/17909/1790917.jpg?size=14235
Селкор,Георги Караславов,Народна култура,1949,https://knizhen-pazar.net/books/100/10041/1004128.jpg?size=7616
Девойката от прохода,Стоян Ц. Даскалов,Издателство на отечествения фронт,1975,https://knizhen-pazar.net/books/339/33909/3390969.jpg?size=51356
Любовта и мистър Луишан  Кипс   Историята на мистър Поли,Хърбърт Уелс,Народна култура,1985,https://knizhen-pazar.net/books/207/20793/2079398.jpg?size=24660
Страдание и възторг,Ървинг Стоун,Народна култура,1983,https://assets2.chitanka.info/thumb/book-cover/1e/7797.max.jpg
Избрани съчинения,том 7,Георги Караславов,Народна култура,1958,https://knizhen-pazar.net/books/037/3782/378270.jpg?size=24064
Кой какъв е в ню йорк,Кольо Николов,Български писател,1982,https://knizhen-pazar.net/books/088/8867/886756.jpg?size=27474
Изоставеният кораб,Фридрих Герстекер,Георги Бакалов,1981,https://knizhen-pazar.net/books/283/28341/2834107.jpg?size=50224
Пътуване до норвегия и шпицберген,Стефан Грудев,Хемус,1946,https://knizhen-pazar.net/books/365/36522/3652284.jpg?size=11507
Зима в планината,Джон Уейн,Христо Г. Данов,1979,https://knizhen-pazar.net/books/239/23988/2398823.jpg?size=30235
Ученици на слънцето,Джузепе Марота,Христо Г. Данов,1979,https://knizhen-pazar.net/books/368/36868/3686872.jpg?size=20476
Когато в рая валеше дъжд,Ян Отченашек,Христо Г. Данов,1977,https://knizhen-pazar.net/books/402/40240/4024056.jpg?size=50242
Via dolorosa,Агоп Мелконян,Народна младеж,1987,https://knizhen-pazar.net/books/244/24407/2440776.jpg?size=19499
Дългото сбогуване  Високият прозорец,Реймънд Чандлър,Народна младеж,1985,https://assets2.chitanka.info/thumb/book-cover/08/2175.max.jpg
Кратък философски речник,сбор,Издателство на българската работническа партия,1953,https://knizhen-pazar.net/books/364/36445/3644579.jpg?size=38669
Бригантина,Олес Гончар,Народна младеж,1975,https://knizhen-pazar.net/books/077/7785/778590.jpg?size=23090
Звезден прах,Дончо Цончев,Партиздат,1981,https://assets2.chitanka.info/thumb/book-cover/19/6579.max.jpg
Синът на полка,Валентин Катаев,Народна младеж,1970,https://knizhen-pazar.net/books/275/27574/2757449.jpg?size=40548
Вълните на черно море,том 1,Валентин Катаев,Народна младеж,1963,https://knizhen-pazar.net/books/312/31258/3125808.jpg?size=40134
Вълните на черно море,том 2,Валентин Катаев,Народна младеж,1963,https://knizhen-pazar.net/books/352/35228/3522834.jpg?size=27754
Прекрасната свинарка,Марти Ларни,Христо Г. Данов,1981,https://assets2.chitanka.info/thumb/book-cover/20/8234.max.jpg
Сатирична проза,Валентин Катаев,Народна култура,1968,https://knizhen-pazar.net/books/092/9217/921713.jpg?size=18017
Не пускам посред нощ...,Зоя Арабаджиева,Партиздат,1973,https://knizhen-pazar.net/books/007/751/75112.jpg?size=6459
НЛО нашествието продължава,Владимир Ажажа,5 Ф,1991,https://knizhen-pazar.net/books/056/5691/569140.jpg?size=21948
Ориноко,Аркади Фидлер,Народна култура,1968,https://knizhen-pazar.net/books/281/28116/2811655.jpg?size=38294
Към нов бряг,Вилис Лацис,Народна култура,1956,https://biblioman.chitanka.info/thumb/covers/2/4/8/6/12486-5ec91149d269e.1000.jpg/%D0%9A%D1%8A%D0%BC_%D0%BD%D0%BE%D0%B2_%D0%B1%D1%80%D1%8F%D0%B3-front-1000px.jpg
Ацаван,Наири Зарян,Народна култура,1954,https://knizhen-pazar.net/books/200/20060/2006009.jpg?size=25064
Силни криле,Христо Димитров-Милчо,Партиздат,1981,https://knizhen-pazar.net/books/291/29196/2919625.jpg?size=28893
Ханка,Ана Симеонова,Издателство на отечествения фронт,1967,https://knizhen-pazar.net/books/054/5415/541583.jpg?size=21195
Сочинения,А. С. Макаренко,Издательство академии педагогических наук,1950,https://knizhen-pazar.net/books/377/37708/3770887.jpg?size=45280
Повест за истинския човек,Борис Полевой,Народна култура,1948
Анюта,Борис Полевой,Партиздат,1978,https://knizhen-pazar.net/books/260/26015/2601555.jpg?size=29348
Един малък град в германия,Джон льо Каре,Издателство на отечествения фронт,1972,https://knizhen-pazar.net/books/186/18679/1867982.jpg?size=12820
Духовете на цибрица,Георги Алексиев,Христо Г. Данов,1976,https://knizhen-pazar.net/books/416/41652/4165259.jpg?size=31866
Страж, верният приятел,Славчо Ангелов,Народна култура,1966,https://knizhen-pazar.net/books/221/22177/2217715.jpg?size=20446
Проза,Иван Давидков,Народна младеж,1979,https://knizhen-pazar.net/books/200/20015/2001517.jpg?size=16734
Звезда Зорница,сбор,Издателство на отечествения фронт,1974,https://knizhen-pazar.net/books/066/6605/660535.jpg?size=31430
Смъртта на артемио крус,Карлос Фуентес,христо Г. Данов,1969,https://knizhen-pazar.net/books/082/8237/823724.jpg?size=25761
Ние не сме сами,Уолтър Съливан,Наука и изкуство,1970,https://knizhen-pazar.net/books/137/13796/1379690.jpg?size=26664
Будилник под възглавницата,Божедар Томов,Български писател,1977,https://knizhen-pazar.net/books/379/37983/3798370.jpg?size=47683
Край реката,Емил Спиридонов,Христо Г. Данов,1983,https://knizhen-pazar.net/books/214/21404/2140493.jpg?size=22312
Приказки от цял свят,сбор,Нов златорог,1995,https://knigite.eu/61499-large_default/prikazki-ot-cyal-svyat-tom-1.jpg
Джайя  Оги,Александър Бабек,Български писател,1965,https://knizhen-pazar.net/books/003/383/38393.jpg?size=22437
Пазител на старини,Юрий Домбровски,Народна култура,1969,https://knizhen-pazar.net/books/220/22089/2208936.jpg?size=15715
Кобзар,Тарас Шевченко,Народна култура,1969,https://knizhen-pazar.net/books/082/8240/824092.jpg?size=11694
Туна Беда,Черемухин,Български писател,1982,https://knizhen-pazar.net/books/124/12416/1241693.jpg?size=18900
Малкият принц,Антоан дьо Сент Екзюпери,Народна младеж,1966,https://puk.chitanka.info/uploads/posts/2013-02/1361883870_malkiyat-princ-antoan-do-sent-ekzyuperi.-1966.jpg
Цоп и Цап,Вилхелм Буш,Отечество,1988,https://assets2.chitanka.info/thumb/book-cover/03/914.max.jpg
Какво видях в америка,Гьончо Белев,Издателство на българската работническа партия,1948,https://aihama16.com/8372-thickbox_default/kakvo-vidyakh-v-amerika.jpg
Владетелят на света,Александър Беляев,Народна култура,1972,https://knizhen-pazar.net/books/407/40798/4079809.jpg?size=17570
Патилата на едно момче,Гьончо Белев,Народна младеж,1966,https://assets2.chitanka.info/thumb/book-cover/18/6183.max.jpg
В прекрасния и гневен свят,том 2,Андрей Платонов,Христо Г. Данов,1969,https://knizhen-pazar.net/books/379/37960/3796029.jpg?size=39566
Подъ Ямурлука,Ст. Ц. Даскаловъ,Хемус,1941,https://svetanaknigite.com/38441-large_default/pod-yamurluka-razkazi-1941-g.jpg
Пътепис,Ханс Шилтбергер,Издателство на отечествения фронт,1971,https://knizhen-pazar.net/books/267/26783/2678314.jpg?size=46291
Война в тила на врага,Г. Линков,Народна култура,1954,https://knizhen-pazar.net/books/232/23205/2320544.jpg?size=52054
Мигове в света,Иван Балабанов,Партиздат,1985,https://knizhen-pazar.net/books/273/27324/2732498.jpg?size=51477
Десетото село,Факир Байкурт,Народна култура,1963,https://knizhen-pazar.net/books/040/4041/404177.jpg?size=26500
Канук,Аксел Линдстрьом,Издателство на отечествения фронт,1967,https://knizhen-pazar.net/books/084/8460/846079.jpg?size=13160
Минус безкрайност,Антони Фелпс,Партиздат,1977,https://knizhen-pazar.net/books/359/35983/3598327.jpg?size=15793
Мълчаливата война,Уйлфред Бърчет,Издателство на отечествения фронт,1964,https://knizhen-pazar.net/books/334/33457/3345721.jpg?size=42314
Хамлет, или краят на дългата нощ,Алфред Дьоблим,Народна култура,1985,https://knizhen-pazar.net/books/257/25760/2576055.jpg?size=24745
Времето е най-простото нещо,Клифърд Саймък,Бард,1993,https://assets2.chitanka.info/thumb/book-cover/0b/2844.max.jpg
Цар Симеон,Димитър Мантов,Издателство на отечествения фронт,1979,https://assets2.chitanka.info/thumb/book-cover/1d/7542.max.jpg
Асен Златаров,Библиотека бележити българи,Недю Недев,Издателство на отечествения фронт,1970,https://knizhen-pazar.net/books/396/39658/3965894.jpg?size=42491
Хан Крум,Димитър Мантов,Издателство на отечествения фронт,1973,https://knizhen-pazar.net/books/219/21926/2192602.jpg?size=15966
Климент Охридски,Библиотека бележити българи,Надежда Драгова,Издателство на отечествения фронт,1971,https://knizhen-pazar.net/books/250/25023/2502382.jpg?size=27483
Снопъ,част 2,сбор,Клубъ на  българските писателки,1934,https://knizhen-pazar.net/books/332/33287/3328775.jpg?size=14534
Писатели и книги,част 3,Д. Б. Митовъ,Литературенъ гласъ,1936,https://antikvarni-knigi.net/books/25099.jpg
Езикъ и поезия,сбор,Факелъ,1936,https://knizhen-pazar.net/books/341/34117/3411792.jpg?size=15514
Еднодневки,Рачо Румичъ,Книговязница,1931
Възпитание и общество,Найденъ Чакъровъ,Хемус,1940,https://knizhen-pazar.net/books/228/22892/2289244_1.jpg?size=33408
Мъжко тегло,Стефан Топов,Братство,1937
Въ Паметъ на Александъръ Дзивговъ,Д. Б. Митовъ,Древна България,1937,https://knizhen-pazar.net/books/225/22596/2259606.jpg?size=23241
Червениятъ карамфилъ,Панчо Михайловъ,Ж. Мариновъ,1928
Чарлс Дарвин и К.А. Тимирязев,Дончо Костов,Камара на народната култура,1947,https://knizhen-pazar.net/books/409/40967/4096779.jpg?size=18486
Бялата дама,Карл Виолетов,Светлоструй,1947
Първи стихотворци,сбор,Държавно издателство,1946,https://knizhen-pazar.net/books/215/21593/2159366.jpg?size=30852
Черни маниста,Ник. Вас. Ракитин,Хемус,1938,https://knizhen-pazar.net/books/253/25376/2537602.jpg?size=29735
Момини сълзи,Жени Божилова Патева,Вестник за жената,1938,https://knizhen-pazar.net/books/188/18839/1883985.jpg?size=9780
Знамена,Д. Б. Митовъ,Азбука,1933,https://knizhen-pazar.net/books/127/12731/1273191.jpg?size=19115
Изповедъ,Д. Костова,Задруга,1939,https://knizhen-pazar.net/books/252/25269/2526981.jpg?size=58976
Ден за почивка,Валентин Катаев,ОРПС,1948,https://knizhen-pazar.net/books/298/29858/2985827.jpg?size=19955
Йога,Аладар Коглер,Медицина и физкултура,1978,https://knizhen-pazar.net/books/062/6242/624235.jpg?size=28727
Тим Талер,Джеймс Крюс,Народна младеж,1971,https://puk.chitanka.info/uploads/posts/2013-10/1380655471_tim-taler-ili-prodadeniyat-smyah-dzheyms-kryus.-1971.jpg
Когато бяхъ малъкъ,Добри Немиров,Хемус,1934,https://knizhen-pazar.net/books/022/2234/223419.jpg?size=24053
Гостенчета крилати,Ангел Каралийчев,Държавно издателство Варна,1964,https://knizhen-pazar.net/books/150/15046/1504685.jpg?size=11508
Извинявайте, госпожо клеопатра!,Любен Попов,Медицина и физкултура,1967,https://knizhen-pazar.net/books/075/7591/759175.jpg?size=12620
Живописна България,Константин Паустовски,Народна култура,1963,https://assets2.chitanka.info/thumb/book-cover/29/10682.max.jpg
Сирачета,Калина Малина,Факелъ,1933,https://knizhen-pazar.net/books/301/30171/3017190.jpg?size=51499
Ние с витко,Олег Бедарев,Народна младеж,1961,https://knizhen-pazar.net/books/200/20084/2008416.jpg?size=15798
Владко се връща от индия,Анна Каменова,Български писател,1965,https://knizhen-pazar.net/books/207/20738/2073880.jpg?size=14025
Сладкопойна чучулига,Владимир Русалиев,Български писател,1961,https://knizhen-pazar.net/books/256/25638/2563835.jpg?size=49748
Книжка веселушка,Веса Паспалеева,Отечество,1988,https://knizhen-pazar.net/books/403/40346/4034630.jpg?size=27629
Китка,Петко Р. Славейков,Отечество,1989,https://knizhen-pazar.net/books/406/40692/4069231.jpg?size=51801
Срещи с възвишението,Дора Бенев-Начева,Издателство на отечествения фронт,1984,https://knizhen-pazar.net/books/324/32420/3242017.jpg?size=50868
Андерсенови приказки,том 1,Ханс Кристиан Андерсен,Д. Яков,1993,https://www.elixiria.bg/image/cache/data/e6335f4eabed461da67aeca115ab3db1-259x388.jpg
Андерсенови приказки,том 2,Ханс Кристиан Андерсен,Д. Яков,1993,https://www.elixiria.bg/image/cache/data/774834715b6c61017a9690e6b719ff18-259x388.jpg
Андерсенови приказки,том 3,Ханс Кристиан Андерсен,Д. Яков,1993,https://www.elixiria.bg/image/cache/data/4c1e990d3d417001e361a839ff61aee7-259x388.jpg
Андерсенови приказки,том 4,Ханс Кристиан Андерсен,Д. Яков,1994,https://www.elixiria.bg/image/cache/data/d716b5e3328504232ec3ed3ec3bbed49-259x388.jpg
Шивачката  Спокоен живот,Берил Бейнбридж,Христо Г. Данов,1984,https://assets2.chitanka.info/thumb/book-cover/14/5322.max.jpg
Две пиеси,Драгомир Асенов,Народна младеж,1973,https://cdn7.focus.bg/bazar/e8/large/e8d5a24c56d992bc1363a492ee5c8b78.jpg
Повелителят с брилянтеният пръстен,Луи Жаколио,Тренев & Тренев,1992,https://knizhen-pazar.net/books/027/2747/274700.jpg?size=48321
Островът на съкровищата,Роберт Луис Стивънсън,Народна младеж,1972,https://stari-knigi.com/wp-content/uploads/hr06dvjmjy.jpg
Забавна физика,книга 1,Я. И. Перелман,Техника,1966,https://knizhen-pazar.net/books/413/41357/4135729.jpg?size=45123
Бунт на обречените,Хенри Йегер,Издателство на отечествения фронт,1970,https://knizhen-pazar.net/books/355/35541/3554189.jpg?size=27497
Латиноамерикански разкази,сбор,Профиздат,1975,https://knizhen-pazar.net/books/151/15134/1513423.jpg?size=33705
Двойната лотхен,Ерих Кестнер,Народна култура,1957,https://puk.chitanka.info/uploads/posts/2010-09/1284988790_dvojnata-lothen-1957..jpg
Зелената перла,Иван Аржентински,Държавно военно издателство,1962,https://knizhen-pazar.net/books/126/12605/1260505.jpg?size=16719
Корабът с алени платна,Александър Грин,Народна култура,1971,https://knizhen-pazar.net/books/245/24541/2454140.jpg?size=34015
Цели дни сред дърветата,Маргьорит Дюра,Христо Г. Данов,1982,https://knizhen-pazar.net/books/084/8492/849254.jpg?size=44906
Народни утра и вечеринки,Антон Страшимировъ,Христо Г. Данов,1930,https://knizhen-pazar.net/books/258/25853/2585397.jpg?size=18084
Изгубеният свят,Артър Конан Дойл,Отечество,1978,https://knizhen-pazar.net/books/045/4500/450045.jpg?size=38425
Сборник за научна фантастика и прогностика,сбор,Народна младеж,1986,https://knizhen-pazar.net/books/228/22834/2283418.jpg?size=24226
Съветска фантастика,сбор,Христо Г. Данов,1980,https://knizhen-pazar.net/books/393/39357/3935778.jpg?size=20440
Научно-фантастични разкази,сбор,Народна младеж,1969,https://knizhen-pazar.net/books/279/27925/2792568.jpg?size=15536
Фантастика федерална република германия, австрия, швейцария,сбор,Христо Г. Данов,1981,https://knizhen-pazar.net/books/406/40646/4064646.jpg?size=46889
Латиноамериканска фантастика,сбор,Христо Г. Данов,1979,https://knizhen-pazar.net/books/278/27831/2783175.jpg?size=47657
Пуснете слънчевата светлина,Димитър Коруджиев,Златорог,1991,https://knizhen-pazar.net/books/110/11021/1102143.jpg?size=28649
Малък Иван - разум голям,сбор,Отечество,1988,https://knizhen-pazar.net/books/110/11082/1108272.jpg?size=17651
Кой е създал нашите букви,Надежда Драгова,Народна младеж,1965,https://kutlovica.com/knigi/thumbnails/DSC08062_450x600_w_4e688e2d9e28fecdef569d58f25cf395.JPG
Джек сламката,Зинаида Шишова,Народна младеж,1971,https://knizhen-pazar.net/books/236/23608/2360859.jpg?size=49136
Трудно е да бъдеш бог,Аркадий и Борис Стругацки,Народна младеж,1968,https://knizhen-pazar.net/books/172/17217/1721728.jpg?size=28382
Прогресорите и странниците,Аркадий и Борис Стругацки,Христо Г. Данов,1987,https://knizhen-pazar.net/books/161/16196/1619698.jpg?size=11245
Избрани произведения,том 1,Александър Беляев,Отечество,1988,https://knizhen-pazar.net/books/278/27827/2782756.jpg?size=50115
Избрани произведения,том 2,Александър Беляев,Отечество,1989,https://knizhen-pazar.net/books/076/7633/763326.jpg?size=32768
Сърдитко,Чичо Стоян,Български писател,1985,https://knizhen-pazar.net/books/202/20240/2024054.jpg?size=13935
Бойци на тихия фронт,Иван Винаров,Партиздат,1988,https://knizhen-pazar.net/books/005/549/54990.jpg?size=15838
Земя отвъд океана,В. Песков  Б. Стрелников,Земиздат,1980,https://knizhen-pazar.net/books/014/1444/144418.jpg?size=11861
Цивилизацията,Кенет Кларк,Български художник,1977,https://assets2.chitanka.info/thumb/book-cover/20/8265.max.jpg
История на българският народ,Петър Мутафчиев  Вера Мутафчиева,Проф. Марин Дринов,1995,https://knizhen-pazar.net/books/383/38300/3830056.jpg?size=51165
Да се чете на светло,сбор,Отечество,1987,https://knizhen-pazar.net/books/218/21885/2188539.jpg?size=26675
365 дни кино през 1975,Иван Стоянович,Наука и изкуство,1977,https://knizhen-pazar.net/books/083/8351/835162.jpg?size=17919
Мери Попинз,Памела Травърз,Отечество,1980,https://puk.chitanka.info/uploads/posts/2009-11/1257810160_meri-popinz-pamela-travrz.-1980.jpg
Панаир на суетата,Уилям Текери,Христо Г. Данов,1985,https://assets2.chitanka.info/thumb/book-cover/01/344.max.jpg
Боговете на лотоса,Еремей Парнов,Народна култура,1983,https://knizhen-pazar.net/books/105/10598/1059885.jpg?size=15344
Илиада,Омир,Народна култура,1969,https://www.knigi-bg.com/img/p/18110-23878-thickbox.jpg
Трагедии,Есхил,Народна култура,1967,https://knizhen-pazar.net/books/402/40277/4027742.jpg?size=51329
Тристан и Изолда,Жозеф Бедие,Народна култура,1985,https://assets2.chitanka.info/thumb/book-cover/11/4534.max.jpg
Одисея,Омир,Народна култура,1971,https://knizhen-pazar.net/books/197/19701/1970176.jpg?size=48328
Рапорт от Ел Греко,Никос Казандзакис,Народна култура,1984,https://knizhen-pazar.net/books/393/39389/3938943.jpg?size=48484
Червеният корсар,Джеймс Фенимор Купър,Георги Бакалов,1985,https://assets2.chitanka.info/thumb/book-cover/08/2194.max.jpg
Калисто,Георги Мартинов,Народна култура,1966,https://knizhen-pazar.net/books/114/11447/1144776.jpg?size=18856
Последният мохикан,Джеймс Фенимор Купър,Отечество,1984,https://assets2.chitanka.info/thumb/book-cover/05/1432.max.jpg
Сърце,Едмондо де'Амичис,Народна младеж,1978,https://knizhen-pazar.net/books/057/5778/577871.jpg?size=33514
Военна тайна,Аркадий Гайдар,Отечество,1980,https://knizhen-pazar.net/books/088/8896/889644.jpg?size=28218
Приключенията на добрия войник Швейк,Ярослав Хашек,Отечество,1981,https://knizhen-pazar.net/books/100/10033/1003326.jpg?size=54315
Капитанската дъщеря,Александър Пушкин,Отечество,1983,https://www.elixiria.bg/image/cache/data/%D0%9A%D0%B0%D0%BF%D0%B8%D1%82%D0%B0%D0%BD%D1%81%D0%BA%D0%B0%D1%82%D0%B0%20%D0%B4%D1%8A%D1%89%D0%B5%D1%80%D1%8F-259x388.jpg
Бъди добър до смърт,Жигмонд Мориц,Отечество,1983,https://knizhen-pazar.net/books/189/18965/1896546.jpg?size=36889
Следотърсача,Джеймс Фенимор Купър,Народна култура,1968,https://avatorot.com/1213-thickbox_default/sledotrsacha.jpg
Тил Уленшпигел,Шарл дьо Костер,Отечество,1980,https://knizhen-pazar.net/books/376/37652/3765212.jpg?size=48645
Призрачен цикъл,Петър Кърджилов,Народна младеж,1989,https://knizhen-pazar.net/books/289/28907/2890768.jpg?size=43032
Син съм на земя прекрасна,Виолета Астарджиева  Стефан Кънчев,Народна просвета,1973,https://knizhen-pazar.net/books/116/11657/1165710.jpg?size=10824
Романи за деца,Ерих Кестнер,Народна младеж,1977,https://knizhen-pazar.net/books/365/36586/3658629.jpg?size=24582
Топ и Хари,Лизелоте Велскопф-Хенрих,Народна култура,1969,https://knizhen-pazar.net/books/331/33110/3311096.jpg?size=17129
Приказки от хиляда и една нощ,сбор,Народна младеж,1984,https://assets2.chitanka.info/thumb/book-cover/01/285.max.jpg
Синовете на великата мечка,Лизелоте Велскопф-Хенрих,Народна младеж,1983,https://knizhen-pazar.net/books/419/41952/4195280.jpg?size=19833
Скарамуш,Рафаел Сабатини,Отечество,1980,https://knizhen-pazar.net/books/053/5394/539440.jpg?size=28653
Капитан Блъд,Рафаел Сабатини,Народна култура,1969,https://knizhen-pazar.net/books/388/38860/3886085.jpg?size=38428
Дневникът на капитан Блъд,Рафаел Сабатини,Народна култура,1968,https://avatorot.com/4738-thickbox_default/dnevnikt-na-kapitan-bld.jpg
Адмирал Морган,Чарлс Мун Бенет,Тренев & Тренев,1991,https://assets2.chitanka.info/thumb/book-cover/02/617.max.jpg
Борба на борда,Емилио Салгари,Тренев & Тренев,1992,https://assets2.chitanka.info/thumb/book-cover/00/240.max.jpg
Призракът на Сандокан,Емилио Салгари,Тренев & Тренев,1991,https://assets2.chitanka.info/thumb/book-cover/05/1400.max.jpg
Последната битка на Сандокан,Емилио Салгари,Отечество,1983,https://assets2.chitanka.info/thumb/book-cover/05/1401.max.jpg
По границите на далечния запад,Емилио Салгари,Отечество,1983,https://assets2.chitanka.info/thumb/book-cover/05/1403.max.jpg
Тайните на черната джунгла,Емилио Салгари,Отечество,1983,https://assets2.chitanka.info/thumb/book-cover/05/1406.max.jpg
Черният корсар,Емилио Салгари,Отечество,1981,https://assets2.chitanka.info/thumb/book-cover/05/1404.max.jpg
Морският ястреб,Рафаел Сабатини,Народна култура,1966,https://knizhen-pazar.net/books/387/38710/3871093.jpg?size=15100
По границите на далечния запад,Емилио Салгари,Отечество,1986,https://knizhen-pazar.net/books/317/31774/3177448.jpg?size=16618
Квартеронката,Майн Рид,Народна младеж,1972,https://knizhen-pazar.net/books/329/32942/3294294.jpg?size=16454
Белият вожд,Майн Рид,Народна младеж,1973,https://stari-knigi.com/wp-content/uploads/5267_560qgf9hel.jpg
Ловци на скалпове,Майн Рид,Абагар,1991,https://assets2.chitanka.info/thumb/book-cover/07/1947.max.jpg
Бялата ръкавица,Майн Рид,Отечество,1981,https://knizhen-pazar.net/books/324/32406/3240621.jpg?size=39250
Конникът без глава,Майн Рид,Отечество,1978,https://www.elixiria.bg/image/cache/data/%D0%9A%D0%BE%D0%BD%D0%BD%D0%B8%D0%BA%D1%8A%D1%82%20%D0%B1%D0%B5%D0%B7%20%D0%B3%D0%BB%D0%B0%D0%B2%D0%B0-259x388.jpg
Ямайски марони,Майн Рид,Отечество,1991,https://knizhen-pazar.net/books/388/38894/3889454.jpg?size=46965
Оцеола,Майн Рид,Отечество,1979,https://knizhen-pazar.net/books/342/34295/3429596.jpg?size=38918
Спомени за коне,Йордан Радичков,Христо Г. Данов,1980,https://assets2.chitanka.info/thumb/book-cover/00/151.max.jpg
Прерията,Джеймс Фенимор Купър,Народна култура,1973,https://assets2.chitanka.info/thumb/book-cover/08/2186.max.jpg
Златната верига,Александър Грин,Георги Бакалов,1981,https://knizhen-pazar.net/books/016/1692/169247.jpg?size=38804
Блестящият свят,Александър Грин,Отечество,1984,https://assets2.chitanka.info/thumb/book-cover/11/4405.max.jpg
Капитан Дюк,Александър Грин,Държавно издателство Варна,1965,https://knizhen-pazar.net/books/100/10025/1002552.jpg?size=36912
Драконът от луалаба,Петър Бобев,Народна младеж,1968,https://knizhen-pazar.net/books/152/15273/1527355.jpg?size=5966
Незнайко на луната,Николай Носов,Народна младеж,1966,https://knizhen-pazar.net/books/414/41409/4140909.jpg?size=43530
Пиратите по мисисипи,Фридрих Герстекер,Отечество,1988,https://assets2.chitanka.info/thumb/book-cover/10/4290.max.jpg
Спартак,Рафаело Джованьоли,Отечество,1982,https://assets2.chitanka.info/thumb/book-cover/05/1502.max.jpg
Лоцманът,Джеймс Фенимор Купър,Георги Бакалов,1981,https://assets2.chitanka.info/thumb/book-cover/07/2005.max.jpg
Роб Рой,Уолтър Скот,Отечество,1983,https://knizhen-pazar.net/books/086/8671/867135.jpg?size=22641
Роб Рой,Уолтър Скот,Отечество,1984,https://knizhen-pazar.net/books/074/7487/748787.jpg?size=29400
Кенилуърт,Уолтър Скот,Отечество,1985,https://assets2.chitanka.info/thumb/book-cover/08/2062.max.jpg
В плен на корсарите,Вернер Лежер,Георги Бакалов,1987,https://knizhen-pazar.net/books/130/13001/1300132.jpg?size=23930
Къщата с призраците,Уошингтън Ървинг,Отечество,1983,https://knizhen-pazar.net/books/339/33912/3391234.jpg?size=50554
Приключенията на Родерик Рандъм,Тобаяс Смолет,Отечество,1987,https://knizhen-pazar.net/books/017/1700/170048.jpg?size=11243
Островът на съкровищата  Доктор Джекил и господин Хайд,Роберт Луис Стивънсън,Народна култура,1975,https://knizhen-pazar.net/books/366/36639/3663941.jpg?size=34622
Господаря на Балантрей,Роберт Луис Стивънсън,Отечество,1986,https://knizhen-pazar.net/books/244/24434/2443436.jpg?size=39772
Чичо томовата колиба,Хариет Бичер Стоу,Отечество,1985,https://assets2.chitanka.info/thumb/book-cover/04/1178.max.jpg
Щраусови пера,Лудвиг Тик,Отечество,1985,https://knizhen-pazar.net/books/034/3401/340162.jpg?size=10812
Старинно предание,Юзеф Крашевски,Отечество,1985,https://puk.chitanka.info/uploads/posts/2012-09/1348502217_starinno-predanie-yuzef-ignaci-krashevski.-1985.jpg
Клетниците,Виктор Юго,Отечество,1985,https://knizhen-pazar.net/books/381/38133/3813372.jpg?size=29530
Тайната на змийския остров,Мартин Викрамасинге,Народна култура,1965,https://knizhen-pazar.net/books/150/15086/1508652.jpg?size=5325
Канадски ловци,Луи Бусенар,Народна култура,1971,https://knizhen-pazar.net/books/071/7191/719107.jpg?size=21136
Леопардът от Рудрапраяг,Джим Корбет,Народна култура,1974,https://assets2.chitanka.info/thumb/book-cover/0e/3586.max.jpg
Совино блато,Хорст Безелер,Народна култура,1970,https://knizhen-pazar.net/books/029/2990/299027.jpg?size=40167
Томек при изворите на амазонка,Алфред Шклярски,Народна култура,1971,https://assets2.chitanka.info/thumb/book-cover/0b/2849.max.jpg
Томек на военната пътека,Алфред Шклярски,Народна култура,1967,https://assets2.chitanka.info/thumb/book-cover/0a/2757.max.jpg
Лаутаро,Фернандо Алегрия,Народна култура,1976,https://knizhen-pazar.net/books/023/2351/235140.jpg?size=13269
Равнините на Абраам,Джеймс Оливър Кърууд,Народна култура,1973,https://assets2.chitanka.info/thumb/book-cover/0d/3437.max.jpg
Долината на мълчаливите,Джеймс Оливър Кърууд,Народна култура,1970,https://knizhen-pazar.net/books/070/7015/701559.jpg?size=42745
Севилската клопка,Яков Свет,Народна култура,1972,https://knigizateb.com/15484-thickbox_default/%D1%81%D0%B5%D0%B2%D0%B8%D0%BB%D1%81%D0%BA%D0%B0%D1%82%D0%B0-%D0%BA%D0%BB%D0%BE%D0%BF%D0%BA%D0%B0.jpg
Земя на мамутите,Семьон Каратов,Народна култура,1971,https://knizhen-pazar.net/books/168/16818/1681865.jpg?size=33694
Големия мон,Ален Фурние,Народна култура,1976,https://knizhen-pazar.net/books/190/19019/1901961.jpg?size=36503
Наследникът от калкута,Роберт Щилмарк,Народна култура,1971,https://knizhen-pazar.net/books/019/1900/190073.jpg?size=25628
Крюгер Бей,Избрани произведения - 19,Карл Май,Отечество,1996,https://knizhen-pazar.net/books/416/41669/4166961.jpg?size=27475
Винету,Карл Май,Отечество,1981,https://assets2.chitanka.info/thumb/book-cover/05/1325.max.jpg
Винету 2,Избрани произведения - 2,Карл Май,Отечество,1988,https://knizhen-pazar.net/books/404/40479/4047950.jpg?size=35532
Винету,Карл Май,Отечество,1985,https://knizhen-pazar.net/books/235/23529/2352998_2.jpg?size=19713
Наследниците на Винету,първа част,Карл Май,Калем 90,1993,https://knizhen-pazar.net/books/387/38795/3879510.jpg?size=35593
Наследниците на Винету,втора част,Карл Май,Калем 90,1993,https://knizhen-pazar.net/books/390/39096/3909621.jpg?size=51383
Замъкът родриганда,Горската роза,Карл Май,Калем 90,1992,https://knizhen-pazar.net/books/048/4804/480468.jpg?size=26032
Пирамидата на бог слънце,Горската роза,Карл Май,Калем 90,1992,https://knizhen-pazar.net/books/019/1979/197905.jpg?size=11317
Бенито Хуарес,Горската роза,Карл Май,Калем 90,1992,https://knizhen-pazar.net/books/395/39595/3959570.jpg?size=20781
Траперът лешоядовия клюн,Горската роза,Карл Май,Калем 90,1992,https://knizhen-pazar.net/books/344/34492/3449237.jpg?size=43321
Смъртта на императора,Горската роза,Карл Май,Калем 90,1992,https://knizhen-pazar.net/books/383/38385/3838598.jpg?size=28568
Синът на ловеца на мечки,Карл Май,Андина,1992,https://knizhen-pazar.net/books/371/37195/3719512.jpg?size=19765
Краля на петрола,Карл Май,Тренев & Тренев,1991,https://knizhen-pazar.net/books/372/37256/3725693.jpg?size=23269
Керванът на робите,Карл Май,Тренев & Тренев,1991,https://knizhen-pazar.net/books/392/39254/3925498.jpg?size=49163
Рио де ла плата,Карл Май,Народна младеж,1969,https://knizhen-pazar.net/books/053/5319/531955.jpg?size=18893
Капитанът на корсарите,Карл Май,Георги Бакалов,1980,https://knizhen-pazar.net/books/092/9284/928420.jpg?size=32742
Призрака на Ляно Естакадо,Карл Май,Георги Бакалов,1984,https://knizhen-pazar.net/books/093/9360/936045.jpg?size=13841
Говорящата кожа,Карл Май,Отечество,1977,https://knizhen-pazar.net/books/062/6212/621275.jpg?size=23575
Атинянката Таис,Иван Ефремов,Народна култура,1980,https://knizhen-pazar.net/books/382/38220/3822096.jpg?size=43840
Произход на физическите е естествени науки и на метафизическите и нравствени науки,Д-р Петър Берон,Наука и изкуство,1978,https://knizhen-pazar.net/books/028/2884/288443.jpg?size=12578
Първи радости,Константин Федин,Народна култура,1982,https://knizhen-pazar.net/books/350/35068/3506859.jpg?size=41499
Вале каро,Леонид Леонов,Христо Г. Данов,1972,https://knizhen-pazar.net/books/106/10622/1062267.jpg?size=39203
Антични романи,сбор,Народна култура,1981,https://knizhen-pazar.net/books/382/38226/3822675.jpg?size=51316
Банскалии,Магда Колчакова,Народна младеж,1975,https://knizhen-pazar.net/books/427/42761/4276145.jpg?size=25410
Чуждо лице,Кобо Абе,Христо Г. Данов,1982,https://knizhen-pazar.net/books/366/36652/3665207.jpg?size=22815
Злият магьосник,Рьоне - Виктол Пил,Народна култура,1977,https://knizhen-pazar.net/books/401/40192/4019267.jpg?size=51459
Гласът на Рамзай,С. Голяков В. Понизовски,Партиздат,1980,https://knizhen-pazar.net/books/394/39450/3945034.jpg?size=23585
Уай Уай,Никълъс Гъпи,Народна култура,1968,https://knizhen-pazar.net/books/181/18172/1817266.jpg?size=39910
Старите моряци,Жоржи Амаду,Държавно издателство Варна,1972,https://knizhen-pazar.net/books/410/41053/4105330.jpg?size=52457
Грешката,Антонис Самаракис,Христо Г. Данов,1977,https://knizhen-pazar.net/books/359/35938/3593848.jpg?size=21834
Честният Ейб,Лев Рубинщайн,Народна просвета,1967,https://knizhen-pazar.net/books/413/41396/4139617.jpg?size=33781
Ученици на времето,Джузепе Марота,Христо Г. Данов,1979,https://knizhen-pazar.net/books/041/4174/417448.jpg?size=31044
Гнездо на любовта,Ринг Ларднър,Христо Г. Данов,1981,https://knizhen-pazar.net/books/103/10344/1034493.jpg?size=19025
Граф Монте Кристо,том 1,Александър Дюма,Народна младеж,1965,https://knizhen-pazar.net/books/414/41429/4142951.jpg?size=11317
Граф Монте Кристо,том 2,Александър Дюма,Народна младеж,1965,https://knizhen-pazar.net/books/365/36570/3657008.jpg?size=32365
Адската дупка,Александър Дюма,Абагар,1992,https://knizhen-pazar.net/books/140/14031/1403131.jpg?size=44410
Луиза дьо Ла Валиер,Александър Дюма,Тренев & Тренев,1992,https://knizhen-pazar.net/books/423/42392/4239218.jpg?size=44725
Виконт дьо Бражелон или десет години по-късно,Александър Дюма,Богас,1991,https://knizhen-pazar.net/books/430/43096/4309606.jpg?size=21936
Двадесет години по-късно,Александър Дюма,Народна младеж,1970
Тримата мускетари,Александър Дюма,Народна младеж,1964,https://knizhen-pazar.net/books/299/29985/2998545.jpg?size=29864
Бежещим през годините,сбор,Христо Г. Данов,1979,https://knizhen-pazar.net/books/080/8099/809980.jpg?size=28798
Капитан Петко Войвода,Николай Хайтов,Георги Бакалов,1974,https://knizhen-pazar.net/books/434/43442/4344220.jpg?size=31443
Вълшебното огледало,Николай Хайтов,Издателство на отечествения фронт,1981,https://avatorot.com/833/vlshebnoto-ogledalo.jpg
Хвъркатото корито,Николай Хайтов,Христо Г. Данов,1982,https://knizhen-pazar.net/books/313/31379/3137948.jpg?size=17849
Светогорски записки,Николай Хайтов,Христо Г. Данов,1987,https://knizhen-pazar.net/books/249/24952/2495294.jpg?size=23507
Асеновград в миналото,Николай Хайтов,Христо Г. Данов,1983,https://knizhen-pazar.net/books/431/43126/4312673.jpg?size=12756
Одисеята на първите,Петър Манджуков,Земиздат,1974,https://knizhen-pazar.net/books/438/43823/4382312.jpg?size=27011
Публицистика,Николай Хайтов,Български писател,1975,https://knizhen-pazar.net/books/093/9322/932203.jpg?size=11100
Диви разкази,Николай Хайтов,Христо Г. Данов,1972,https://knizhen-pazar.net/books/351/35129/3512941.jpg?size=11634
Родопски властелини,Николай Хайтов,Издателство на отечествения фронт,1983,https://knizhen-pazar.net/books/058/5837/583712.jpg?size=22429
Шумки от габър,Николай Хайтов,Народна младеж,1966,https://kupi-knigi.com/books/95055.jpg
Христос отново разпнат,Никос Казандзакис,БЗНС,1983,https://assets2.chitanka.info/thumb/book-cover/1f/7941.max.jpg
Нова глава,Вили Бредел,Издателство на отечествения фронт,1961,https://knizhen-pazar.net/books/350/35038/3503895.jpg?size=24844
Житие на капитан Дядо Никола  Хроника за Хаджи Димитър,Слав Хр. Караславов,Народна младеж,1983,https://knizhen-pazar.net/books/167/16735/1673515.jpg?size=29714
И се възвисиха Асеновци,Слав Хр. Караславов,Христо Г. Данов,1982,https://knizhen-pazar.net/books/346/34648/3464854.jpg?size=25531
Зелената пустиня,Орасио Кирога,Народна култура,1975,https://knizhen-pazar.net/books/447/44755/4475565.jpg?size=49980
Чуждо лице,Кобо Абе,Христо Г. Данов,1982,https://knizhen-pazar.net/books/366/36652/3665207.jpg?size=22815
В гипсовата отливка,Невена Стефанова,Български писател,1972,https://knizhen-pazar.net/books/381/38145/3814504.jpg?size=41295
Кортес и Монтесума,Морис Колис,Народна култура,1968,https://knizhen-pazar.net/books/216/21616/2161696.jpg?size=11151
Оръжие за живите,Слав Хр. Караславов,Профиздат,1974,https://knizhen-pazar.net/books/350/35051/3505119.jpg?size=46047
Асеновград,Николай Хайтов,Издателство на отечествения фронт,1963,https://knizhen-pazar.net/books/283/28366/2836652.jpg?size=52911
И името ти хубаво...,Слав Хр. Караславов,Партиздат,1976,https://knizhen-pazar.net/books/209/20942/2094225.jpg?size=24007
Хайдути,Николай Хайтов,Георги Бакалов,1976,https://knizhen-pazar.net/books/201/20129/2012921.jpg?size=38481
Кой кой е в Илиада и Одисея,Детелин Вълков,Литера Прима,1999,https://knizhen-pazar.net/books/152/15201/1520114.jpg?size=42537
Клошмера,Габриел ШеВалие,Христо Г. Данов,1980,https://knizhen-pazar.net/books/207/20732/2073203.jpg?size=18136
Мадрапур,Робер Мерл,Христо Г. Данов,1979,https://knizhen-pazar.net/books/145/14536/1453626.jpg?size=17050
Първа любов,Ефим Перметин,Народна култура,1973,https://knizhen-pazar.net/books/248/24838/2483887.jpg?size=37009
Затворникът,Кърт Вонегът,Народна култура,1981,https://knizhen-pazar.net/books/395/39566/3956623.jpg?size=35950
Черешите ще цъфнат и тази година,Менелаос Лундемис,Народна култура,1959,https://knizhen-pazar.net/books/053/5392/539295.jpg?size=15156
Смъртта на Вергилий,Херман Брох,Народна култура,1981,https://knizhen-pazar.net/books/002/269/26941.jpg?size=41289
Живот сред мълнии,Мичел Уилсън,Народна култура,1959,https://knizhen-pazar.net/books/397/39701/3970190.jpg?size=24255
Например... Йозеф,Херберт Ото,Народна култура,1973,https://knizhen-pazar.net/books/150/15058/1505819.jpg?size=16924
Син на крадец,Мануел Рохас,Народна култура,1973,https://knizhen-pazar.net/books/203/20309/2030921.jpg?size=12285
Главната улица,Синклер Луис,Народна култура,1962,https://knizhen-pazar.net/books/350/35097/3509746.jpg?size=32893
Престоят,Херман Кант,Народна култура,1979,https://knizhen-pazar.net/books/182/18274/1827422.jpg?size=29528
Среща на чужденци,Елза Триоле,Народна култура,1959,https://knizhen-pazar.net/books/307/30720/3072078.jpg?size=27880
Градове и родини,Константин Федин,Народна култура,1964,https://knizhen-pazar.net/books/085/8560/856061.jpg?size=25841
Аз, върховният,Аугусто Роа Бастос,Народна култура,1979,https://knizhen-pazar.net/books/162/16210/1621059.jpg?size=36845
Просяшки роман,Бертолт Брехт,Народна култура,1959,https://knizhen-pazar.net/books/025/2565/256517.jpg?size=14328
С първите антонивановци,Георги Серкеджиев,Издателсто на българската комунистическа партия,1964,https://knizhen-pazar.net/books/045/4529/452947.jpg?size=8590
Една воденица се носеше по Сирет,Михаил Садовяну,Народна култура,1976,https://knizhen-pazar.net/books/235/23527/2352730.jpg?size=29816
Надеждата,Андре Малро,Народна култура,1981,https://knizhen-pazar.net/books/311/31151/3115187.jpg?size=24701
Син человечески,Аугусто Роа Бастос,Народна култура,1975,https://knizhen-pazar.net/books/102/10279/1027901.jpg?size=29272
Улица ангелска,Дж. Б. Пристли,Народна култура,1969,https://knizhen-pazar.net/books/395/39535/3953509.jpg?size=21522
Сеньор президентът,Мигел Анхел Астуриас,Народна култура,1971,https://knizhen-pazar.net/books/099/9960/996066.jpg?size=20967
Театър,Съмърсет Моъм,Народна култура,1984,https://knizhen-pazar.net/books/018/1897/189779.jpg?size=11996
История на греха,Стефан Жеромски,Народна култура,1972,https://knizhen-pazar.net/books/448/44895/4489511.jpg?size=45162
Човешка комедия,Уилям Сароян,Народна култура,1959,https://knizhen-pazar.net/books/099/9946/994690.jpg?size=11738
Алексис Зорбас,Никос Казандзакис,Народна култура,1973,https://knizhen-pazar.net/books/410/41055/4105570.jpg?size=26934
Чочарка,Алберто Моравия,Народна култура,1959,https://knizhen-pazar.net/books/442/44207/4420750.jpg?size=12454
Битка по пътя,Галина Николаева,Народна култура,1959,https://knizhen-pazar.net/books/212/21292/2129201.jpg?size=9877
Зен и изкуството да се поддържа мотоциклет,Робърт М. Пърсиг,Народна култура,1980,https://knizhen-pazar.net/books/444/44451/4445126.jpg?size=37799
Бедния прахосник,Ернст Вайс,Народна култура,1985,https://knizhen-pazar.net/books/183/18319/1831941.jpg?size=23496
Приключение край пътя,Лайош Наги,Народна култура,1975,https://knizhen-pazar.net/books/263/26394/2639477.jpg?size=35811
Сватба в ленекен,Херберт Нахбар,Народна култура,1963,https://knizhen-pazar.net/books/056/5618/561895_1.jpg?size=18299
Липяги,Сергей Крутилин,Народна култура,1966,https://knizhen-pazar.net/books/031/3129/312981.jpg?size=26784
Размисъл,Фьодор Панфьоров,Народна култура,1959,https://knizhen-pazar.net/books/332/33235/3323552.jpg?size=30260
Буря,Иля Еренбург,Издателсто на българската комунистическа партия,1949,https://knizhen-pazar.net/books/009/989/98915.jpg?size=26838
Джейн Еър,Шарлота Бронте,Народна култура,1959,https://knizhen-pazar.net/books/418/41830/4183084.jpg?size=26890
За да има живот,Атанас Семерджиев,Издателсто на българската комунистическа партия,1964,https://knizhen-pazar.net/books/262/26290/2629098.jpg?size=29017
Битка по пътя,Галина Николаева,Народна култура,1967,https://knizhen-pazar.net/books/229/22926/2292679.jpg?size=41764
Асеновград в миналото,Николай Хайтов,Христо Г. Данов,1983,https://knizhen-pazar.net/books/244/24440/2444049.jpg?size=51787
Камчийска балада,Андрей Германов,Народна младеж,1967,https://knizhen-pazar.net/books/402/40260/4026098.jpg?size=10797
Дните на Димитров каквито ги видях и записах,том 1,Неделчо Ганчовски,Партиздат,1975,https://knizhen-pazar.net/books/211/21188/2118848.jpg?size=15519
Дните на Димитров каквито ги видях и записах,том 2,Неделчо Ганчовски,Партиздат,1975,https://knizhen-pazar.net/books/211/21188/2118842.jpg?size=16552
Втората Фондация,Айзък Азимов,Орфия,1992,https://knizhen-pazar.net/books/152/15287/1528738.jpg?size=23261
Разказ за Ева,Збигнев Бжозовски,Отечество,1989,https://knizhen-pazar.net/books/213/21384/2138425.jpg?size=6144
Дядо Петко Славейков,Константин Константинов,Хемус,1927,https://knizhen-pazar.net/books/364/36454/3645450.jpg?size=7113
Бог да ви поживи мистър Роузуотър  Фарс или никога вече самота,Курт Вонигът,Издателство на отечествения фронт,1985,https://knizhen-pazar.net/books/032/3282/328217.jpg?size=31069
Дон к,Хосе Лопес Портильо,Народна култура,1978,https://knizhen-pazar.net/books/084/8413/841310.jpg?size=8116
Гепардът,Джузепе Ди Лампедуза,Издателство на отечествения фронт,1977,https://knizhen-pazar.net/books/012/1276/127648.jpg?size=10274
Писма до теб,Иван Митев - Петърчо,Народна младеж,1969,https://knizhen-pazar.net/books/277/27741/2774166.jpg?size=45479
Светът на надеждата,Солунските братя,Слав Хр. Караславов,Народна младеж,1978,https://knizhen-pazar.net/books/314/31434/3143431.jpg?size=20531
Светът на догмата,Солунските братя,Слав Хр. Караславов,Народна младеж,1978,https://knizhen-pazar.net/books/084/8468/846801.jpg?size=21379
Светът на безсмъртието,Солунските братя,Слав Хр. Караславов,Народна младеж,1979,https://knizhen-pazar.net/books/074/7490/749095.jpg?size=22476
Жажда за слънце,Александър Кирков,Народна младеж,1968,https://knizhen-pazar.net/books/126/12653/1265387.jpg?size=12435
Антон Иванов,Васил Михайлов,БКП,1964,https://knizhen-pazar.net/books/317/31724/3172483.jpg?size=12882
Перуански записки,Николай Хайтов,Партиздат,1975,https://knizhen-pazar.net/books/160/16071/1607111.jpg?size=43403
Наръчник за бащи,Вили Брайнхолст,Медицина и Физкултура,1988,https://knizhen-pazar.net/books/045/4548/454843.jpg?size=8789
Госпожицата,Иво Андрич,Народна култура,1978,https://knizhen-pazar.net/books/271/27174/2717408.jpg?size=46240
Черната светкавица,Димфна Кюсак,Издателство на отечествения фронт,1978,https://knizhen-pazar.net/books/308/30868/3086856.jpg?size=39282
Леонардо да Винчи Разказ за художника,Кенет Кларк,Наука и изкуство,1980,https://knizhen-pazar.net/books/055/5569/556976.jpg?size=32644
Граматика на фантазията,Джани Родари,Наука и изкуство,1986,https://knizhen-pazar.net/books/440/44026/4402677.jpg?size=39832
Четиридесет и първия,Борис Лавреньов,Народна култура,1980,https://knizhen-pazar.net/books/243/24399/2439982.jpg?size=48045
Краят на вечността,Айзък Азимов,Георги Бакалов,1981,https://knizhen-pazar.net/books/235/23520/2352096.jpg?size=45563
Български пословици и поговорки,сбор,Наука и изкуство,1986,https://knizhen-pazar.net/books/441/44155/4415508.jpg?size=27798
Приключенията на шерлок холмс,книга 2,Артър Конан Дойл,Бисерна 91,1991,https://knizhen-pazar.net/books/447/44726/4472698.jpg?size=46727
Бог да ви поживи мистър Роузуотър  Фарс,Курт Вонигът,Георги Бакалов,1982,https://knizhen-pazar.net/books/248/24898/2489866.jpg?size=55472
Ян Бибиян,Елин Пелин,Народен писател,1976,https://knizhen-pazar.net/books/444/44448/4444859.jpg?size=15204
Саморасляци,Радой Ралин,Народен писател,1989,https://knizhen-pazar.net/books/369/36949/3694922.jpg?size=24290
Мечтите да нещо лично,Айзък Азимов,Камея,1993,https://knizhen-pazar.net/books/198/19880/1988041.jpg?size=12868
Скитник във времето и пространството,сбор,Народна култура,1977,https://knizhen-pazar.net/books/028/2842/284235.jpg?size=13066
Удушената кралица,Морис Дрюон,Издателство на отечествения фронт,1981,https://knizhen-pazar.net/books/342/34203/3420348.jpg?size=51664
Хумор Ирония Каламбури Сатира,сбор,Наука и изкуство,1985,https://knizhen-pazar.net/books/031/3107/310740.jpg?size=29922
Великата френска революция,Вилхелм Блос,Хемус,1925,https://knizhen-pazar.net/books/394/39492/3949281.jpg?size=17518
Една кариера,Андре Мороа,Профиздат,1978,https://knizhen-pazar.net/books/279/27944/2794432.jpg?size=24859
Сърцето на марат,Анатолий Левандовски,Партиздат,1979,https://knizhen-pazar.net/books/041/4158/415812.jpg?size=32422
Прекрасната дама,Алексей Толстой,Профиздат,1974,https://knizhen-pazar.net/books/236/23608/2360808.jpg?size=49274
Фейлетони,Михаил Колцов,Народна култура,1978,https://knizhen-pazar.net/books/053/5353/535300.jpg?size=23738
Поучителни повести,Мигел де Сервантес,Народна култура,1976,https://knizhen-pazar.net/books/017/1721/172162.jpg?size=20728
Ало, аз съм тук!,Вили Брайнхолст,Медицина и Физкултура,1984,https://knizhen-pazar.net/books/444/44477/4447785.jpg?size=33075
Мама е най-добрата на света,Вили Брайнхолст,Медицина и Физкултура,1985,https://knizhen-pazar.net/books/439/43967/4396714.jpg?size=42838
Тунел под света,Фредерик Пол,Георги Бакалов,1985,https://knizhen-pazar.net/books/359/35994/3599450.jpg?size=14892
Папеса Йоана,Емануил Роидис,Издателство на отечествения фронт,1985,https://knizhen-pazar.net/books/038/3889/388958.jpg?size=24622
Светът на въглерода,Айзък Азимов,Наука и изкуство,1987,https://knizhen-pazar.net/books/044/4419/441953.jpg?size=9449
Падуански кастек,Луиджи Пирандело,Профиздат,1978,https://knizhen-pazar.net/books/410/41041/4104186.jpg?size=42852
Записки от подземието,Фьодор Достоевски,Народна култура,1975,https://knizhen-pazar.net/books/298/29823/2982383.jpg?size=50546
На лов с усмивка,Остап Вишня,Народна култура,1976,https://knizhen-pazar.net/books/206/20691/2069123.jpg?size=25315
Приказки за Италия,Максим Горки,Народна култура,1975,https://knizhen-pazar.net/books/015/1522/152260.jpg?size=35832
Акварел,Александър Грин,Народна култура,1978,https://knizhen-pazar.net/books/386/38685/3868521.jpg?size=74933
Ало, мамо! Ало, татко,Вили Брайнхолст,Медицина и Физкултура,1984,https://knizhen-pazar.net/books/392/39210/3921074.jpg?size=42711
Той извърши своето,Василий Ардаматски,Държавно военно издателство,1961,https://knizhen-pazar.net/books/330/33003/3300366.jpg?size=22510
Ще дойде детето,Радой Ралин,Профиздат,1985,https://knizhen-pazar.net/books/105/10596/1059638.jpg?size=29875
Бодливата роза,Николай Хайтов,Издателство на отечествения фронт,1976,https://knizhen-pazar.net/books/189/18946/1894671.jpg?size=31713
Черният облак,Фред Хойл,Георги Бакалов,1984,https://knizhen-pazar.net/books/019/1999/199962.jpg?size=9770
В навечерието,И. С. Тургенев,Щабът на дейсвующата армия,1917,https://knizhen-pazar.net/books/406/40619/4061911.jpg?size=52410
Легенда за сънната долина,Ървинг Уошингтън,Народна култура,1978,https://knizhen-pazar.net/books/293/29300/2930000.jpg?size=25673
Пух и перушина,Козма Прутков,Народна култура,1975,https://knizhen-pazar.net/books/025/2512/251237.jpg?size=11171
Автобиография,Бранислав Нушич,Народна култура,1974,https://knizhen-pazar.net/books/244/24477/2447779.jpg?size=51867
Паноптикум на град Прага,Иржи Марек,Отечество,1985,https://knizhen-pazar.net/books/180/18056/1805633.jpg?size=37181
Генерал на кон,Лисандро Отеро,Народна култура,1982,https://knizhen-pazar.net/books/076/7620/762009.jpg?size=17878
Триминутен роман,Хайнрих Ман,Народна култура,1977,https://knizhen-pazar.net/books/067/6790/679055.jpg?size=27887
Кесия с ум,сбор,Народна култура,1976,https://knizhen-pazar.net/books/036/3685/368531.jpg?size=16206
Кой е шпионинът,Славчо Радивоев,Държавно военно издателство,1969,https://knizhen-pazar.net/books/353/35306/3530698.jpg?size=14967
Морски разкази,А. С. Новиков - Прибой,Държавно военно издателство,1959
Дунавски нощи,Александър Авдеенко,Държавно военно издателство,1964,https://knizhen-pazar.net/books/031/3199/319973.jpg?size=20886
Не тъгувай ако можеш,Румен Балабанов,Стършел,1979,https://knizhen-pazar.net/books/387/38784/3878445.jpg?size=50406
Расказъй о фелисофах,А. Домбовский,Молодая гвардия,1975
Война и мир в три страници,Радой Ралин,Стършел,1988,https://knizhen-pazar.net/books/239/23933/2393370.jpg?size=43909
Щастливите дни на Ван Зантен,Лауридс Бруун,С. М. Стайков,https://knizhen-pazar.net/books/113/11324/1132428.jpg?size=11234
Последен понеделник,Радой Ралин,Профиздат,1988,https://knizhen-pazar.net/books/224/22431/2243101.jpg?size=22331
Негова светлост еснафът,Петър Незнакомов,Партиздат,1979,https://knizhen-pazar.net/books/032/3219/321942.jpg?size=12041
Какаду,Патрик Уайт,Георги Бакалов,1986,https://knizhen-pazar.net/books/060/6095/609540.jpg?size=20410
На иртиш,Сергей Залигин,Христо Г. Данов,1966,https://knizhen-pazar.net/books/411/41107/4110731.jpg?size=7619
Габровски шеги,сбор,София - прес,https://knizhen-pazar.net/books/422/42222/4222263.jpg?size=27562
Засада на черната пътека,Евгений Рябчиков,Държавно военно издателство,1966,https://knizhen-pazar.net/books/120/12050/1205068.jpg?size=13118
Човекоядецът,Жак Шесекс,Христо Г. Данов,1981,https://knizhen-pazar.net/books/428/42860/4286067.jpg?size=20685
Писма от моята мелница,Алфонс Доде,Факел,1982,https://knizhen-pazar.net/books/122/12240/1224076.jpg?size=26087
Южен предел,Любомир Робертов,Народна младеж,1964,https://knizhen-pazar.net/books/385/38570/3857080.jpg?size=71469
Сляпото момиче  Срещу коледа Самички,Денчо Марчевски,Хемус
Мъничък свят,Георги Райчев,Ал. Паскалев
Дон Жуан дава обяснение,Джордж Бърнард Шоу,Профиздат,1976,https://knizhen-pazar.net/books/054/5477/547725.jpg?size=14674
Мопасан,Стивън Култър,Народна култура,1969,https://knizhen-pazar.net/books/300/30018/3001835.jpg?size=31243
Години на съмнения и страсти,Виктор Бакински,Народна култура,1979,https://knizhen-pazar.net/books/283/28397/2839732.jpg?size=37796
Животът нагосподин дьо Молиер,Михаил Булгаков,Народна култура,1969,https://knizhen-pazar.net/books/040/4054/405442.jpg?size=30786
Господин Сенкевич,Стефан Майхровски,Народна култура,1970,https://knizhen-pazar.net/books/048/4843/484386.jpg?size=22669
Трима американски писатели,Сергей Батурин,Народна култура,1984,https://knizhen-pazar.net/books/292/29236/2923660.jpg?size=32869
Некрасов,Владимир Жданов,Народна култура,1975,https://knizhen-pazar.net/books/187/18759/1875942.jpg?size=11337
Байрон,Андре Мороа,Народна култура,1980,https://knizhen-pazar.net/books/048/4856/485692.jpg?size=22530
Среща със Саломея,Мечислав Яструн,Народна култура,1977,https://knizhen-pazar.net/books/080/8070/807077.jpg?size=21156
Мопасан,Арман Лану,Народна култура,1985,https://knizhen-pazar.net/books/204/20430/2043049.jpg?size=11693
Николай Островски,Раиса Островска,Народна култура,1977,https://knizhen-pazar.net/books/278/27819/2781992.jpg?size=51882
Крилов,Николай Степанов,Народна култура,1973,https://knizhen-pazar.net/books/127/12773/1277359.jpg?size=23162
Трите цвята на времето,Анатолий Виноградов,Народна култура,1970,https://knizhen-pazar.net/books/060/6059/605994.jpg?size=31490
Хемингуей,Борис Грибанов,Народна култура,1973,https://knizhen-pazar.net/books/077/7795/779586.jpg?size=18566
Шекспир,Антъни Бърджис,Народна култура,1983,https://knizhen-pazar.net/books/414/41439/4143910.jpg?size=49371
Николай Жуковски,Михаил Арлазоров,Наука и изкуство,1972,https://knizhen-pazar.net/books/370/37033/3703351.jpg?size=19137
Миклухо Маклай,Михаил Колесников,Наука и изкуство,1968,https://knizhen-pazar.net/books/083/8388/838871.jpg?size=20338
Архимед,Соломон Я. Лурие,Наука и изкуство,1977,https://knizhen-pazar.net/books/197/19734/1973440.jpg?size=27916
П. И. Чайковски,И. Ф. Кунин,Наука и изкуство,1968,https://knizhen-pazar.net/books/065/6532/653253.jpg?size=21616
Блез Паскал,Е.М.Кляус  Й.Б. Погребиски У.Йл Франкфурт,Наука и изкуство,1975,https://knizhen-pazar.net/books/282/28276/2827698.jpg?size=21092
Гойя,Лион Фойхтвангер,Народна култура,1983,https://knizhen-pazar.net/books/397/39732/3973201.jpg?size=34264
Животът на Сьора,Анри Перюшо,Български художник,1977,https://knizhen-pazar.net/books/448/44847/4484786.jpg?size=50884
Животът на Реноар,Анри Перюшо,Български художник,1969,https://knizhen-pazar.net/books/389/38950/3895052.jpg?size=30598
Пучини бохеми и пеперуди,Янош Бокаи,Музика,1978,https://knizhen-pazar.net/books/447/44748/4474888.jpg?size=44734
Апасионата Бетховен,Алфред Аменда,Музика,1985,https://knizhen-pazar.net/books/007/732/73221.jpg?size=8136
Животът на Бетховен,Едуард Ерио,Музика,1979,https://knizhen-pazar.net/books/363/36322/3632263.jpg?size=52347
Климати,Андре Мороа,Народна култура,1979,https://knizhen-pazar.net/books/389/38917/3891764.jpg?size=21579
Прометей или животът на Балзак,Андре Мороа,Народна култура,1971,https://knizhen-pazar.net/books/042/4295/429567.jpg?size=14248
Мълчанията на полковник Брамбъл,Андре Мороа,Христо Г. Данов,1987,https://knizhen-pazar.net/books/096/9602/960297.jpg?size=16783
Олимпио или животът на Виктор Юго,Андре Мороа,Народна култура,1981,https://knizhen-pazar.net/books/230/23062/2306288.jpg?size=47259
Байрон,Андре Мороа,Издателство на отечествения фронт,1985,https://knizhen-pazar.net/books/053/5394/539410.jpg?size=18334
Морската змия,Жул Верн,Георги Бакалов,1975,https://knizhen-pazar.net/books/177/17704/1770486.jpg?size=34589
Плаващият остров,Жул Верн,Георги Бакалов,1982,https://knizhen-pazar.net/books/391/39154/3915497.jpg?size=47975
Голямата цепнатина,Роже Фризон-Рош,Медицина и Физкултура,1969,https://knizhen-pazar.net/books/182/18243/1824318.jpg?size=10676
Мъдростта на вековете,сбор,Наука и изкуство,1979,https://knizhen-pazar.net/books/445/44599/4459955.jpg?size=27259
Мъдростта на чудака,Лион Фойхтвангер,Народна култура,1961,https://knizhen-pazar.net/books/078/7813/781377.jpg?size=14686
Страниците от моя живот,Ф. Шаляпин,Народна култура,1962,https://knizhen-pazar.net/books/099/9958/995848.jpg?size=7567
Животът на Бетховен,Едуард Ерио,Музика,1978,https://knizhen-pazar.net/books/363/36322/3632263.jpg?size=52347
Овчарчето Калитко,Иван Хаджимарчев,Български писател,1989,https://knizhen-pazar.net/books/254/25476/2547669.jpg?size=24851
Героични дни,Генко Гюлев,Издателсто на българската комунистическа партия,1955,https://knizhen-pazar.net/books/137/13791/1379166.jpg?size=21659
Севастопол,Ал. Малишкин,Народна култура,1961,https://knigite.eu/28702/sevastopol.jpg
Невидимият ключ,Владимир Полянов,Народна младеж,1964,https://knizhen-pazar.net/books/036/3653/365392.jpg?size=15178
Ловци на микроби,Пол де Крайф,Народна младеж,1967,https://knizhen-pazar.net/books/417/41776/4177679.jpg?size=28170
Зрялата възраст на крал Анри 4,Хайнрих Ман,Христо Г. Данов,1980,https://knizhen-pazar.net/books/276/27610/2761072.jpg?size=32820
Младостта на крал Анри 4,Хайнрих Ман,Христо Г. Данов,1972,https://knizhen-pazar.net/books/442/44223/4422311.jpg?size=46702
Бедните,Хайнрих Ман,Профиздат,1977,https://knizhen-pazar.net/books/013/1356/135620.jpg?size=40976
Детството на Никита,Алексей Толстой,Отечество,1982,https://knizhen-pazar.net/books/204/20406/2040650.jpg?size=21974
Петър първи,Алексей Толстой,Народна култура,1967,https://knizhen-pazar.net/books/411/41172/4117259.jpg?size=29736
Сините градове,Алексей Толстой,Държавно издателство варна,1967,https://knizhen-pazar.net/books/140/14012/1401290.jpg?size=17500
Ходене по мъките  Навъсено утро,том 3,Алексей Толстой,Партиздат,1973,https://knizhen-pazar.net/books/235/23587/2358785.jpg?size=46724
Ходене по мъките Осемнадесета година,том 2,Алексей Толстой,Партиздат,1973,https://knizhen-pazar.net/books/397/39703/3970311.jpg?size=26645
Ходене по мъките  Сестрите,том 1,Алексей Толстой,Партиздат,1973,https://knizhen-pazar.net/books/203/20389/2038947.jpg?size=16211
Избрани разкази,Джек Лондон,Народна култура,1974,https://knizhen-pazar.net/books/448/44890/4489056.jpg?size=26290
Плаване с Ослепителни,Джек Лондон,Отечество,1984,https://knizhen-pazar.net/books/175/17572/1757216.jpg?size=34695
Спортни новели,Джек Лондон,Медицина и Физкултура,1972,https://knizhen-pazar.net/books/019/1936/193638.jpg?size=16611
Белият зъб,Джек Лондон,1933
Мартин Идън,Джек Лондон,Отечество,1984,https://knizhen-pazar.net/books/235/23579/2357907.jpg?size=30322
Желязната пета,Джек Лондон,Д. Гологанов,https://knizhen-pazar.net/books/120/12063/1206372.jpg?size=18462
Малката стопанка на голямата къща,Джек Лондон,Народна култура,1979,https://knizhen-pazar.net/books/017/1719/171967.jpg?size=17890
Зелените хълмове на Африка,Ърнест Хемингуей,Земиздат,1979,https://knizhen-pazar.net/books/007/739/73964.jpg?size=19147
Отвъд реката, сред дърветата,Ърнест Хемингуей,Христо Г. Данов,1981,https://knizhen-pazar.net/books/047/4776/477698.jpg?size=29189
Старецът и морето,Ърнест Хемингуей,Отечество,1982,https://knizhen-pazar.net/books/370/37006/3700613.jpg?size=50484
Хемингуей,том 1,Ърнест Хемингуей,Народна култура,1989,https://knizhen-pazar.net/books/366/36631/3663194.jpg?size=29745
Хемингуей,том 2,Ърнест Хемингуей,Народна култура,1989,https://knizhen-pazar.net/books/349/34955/3495542.jpg?size=20056
Потайностите на Тулуза,Пиер Гамара,Народна младеж,1972,https://knizhen-pazar.net/books/303/30371/3037172.jpg?size=25763
Железният крал,Морис Дрюон,Народна култура,1970,https://knizhen-pazar.net/books/449/44957/4495788.jpg?size=50786
Силните на деня,Морис Дрюон,Народна култура,1961,https://knizhen-pazar.net/books/002/231/23152.jpg?size=31095
Родното знаме,Жул Верн,Народна култура,1971,https://knizhen-pazar.net/books/194/19483/1948367.jpg?size=43343
Нормандска жега,Ги дьо Мопасан,БЗНС,1982,https://images-na.ssl-images-amazon.com/images/S/compressed.photo.goodreads.com/books/1627289910i/58635095.jpg
Златният вулкан,Жул Верн,Иван Вазов,1992,https://knizhen-pazar.net/books/277/27739/2773969.jpg?size=22679
Обикновена драма,Ги дьо Мопасан,Профиздат,1983,https://knizhen-pazar.net/books/286/28693/2869305.jpg?size=31291
Леденият сфинкс,Жул Верн,Абагар,1992,https://knizhen-pazar.net/books/430/43053/4305335.jpg?size=49904
Капитан Немо,Жул Верн,Държавно издателство Варна,1970,https://knizhen-pazar.net/books/415/41565/4156500.jpg?size=18971
Великите мореплаватели на 18 век,Жул Верн,Държавно издателство Варна,1966,https://knizhen-pazar.net/books/351/35149/3514984.jpg?size=47326
Жангада,Жул Верн,Отечество,1981,https://knizhen-pazar.net/books/239/23997/2399744.jpg?size=40722
Децата на капинат Грант,Жул Верн,Народна младеж,1971,https://knizhen-pazar.net/books/379/37951/3795132.jpg?size=36578
От земята до луната  Около луната,Жул Верн,Народна младеж,1973,https://knizhen-pazar.net/books/454/45418/4541824.jpg?size=33347
Месията от Стокхолм,Синтия Озик,Сиела,2009,https://assets2.chitanka.info/thumb/book-cover/23/9016.max.jpg
Майка Мария,Хайнрих Ман,Ив. Г. Игнатов и синове,1928,https://knizhen-pazar.net/books/135/13557/1355778.jpg?size=15481
Мартин Идън,Джек Лондон,Отечество,1978,https://knizhen-pazar.net/books/403/40357/4035718.jpg?size=30118
Прикованият Прометей,Есхил,Народна култура,1968,https://knizhen-pazar.net/books/290/29073/2907370.jpg?size=31310
Антигона,Софокъл,Народна култура,1968,https://knizhen-pazar.net/books/290/29085/2908585.jpg?size=54533
Ад,Данте Алигиери,Народна култура,1967,https://knizhen-pazar.net/books/440/44023/4402301.jpg?size=9580
Прометей,Есхил,Хемус,1946,https://knizhen-pazar.net/books/385/38566/3856697.jpg?size=11037
Тартюф,Жан-Батист Молиер,Народна култура,1966,https://knizhen-pazar.net/books/420/42068/4206885.jpg?size=7802
Немили Недраги,Иван Вазов,Български писател,1965,https://knizhen-pazar.net/books/343/34318/3431880.jpg?size=19073
Войвода,Любен Каравелов,Хемус,1946
Септемврий,Гео Милев,Сердика,1944,https://knizhen-pazar.net/books/406/40637/4063796.jpg?size=32832
Бай Ганьо,Алеко Константинов,Български писател,1960,https://knizhen-pazar.net/books/253/25346/2534601.jpg?size=49666
Ребека - господарката на Мандерлей,Дафна дю Морие,Прометей,1947,https://knizhen-pazar.net/books/424/42427/4242750.jpg?size=7404
Лимоновата култура в СССР,А. Д. Александров,Земиздат,1951,https://knizhen-pazar.net/books/155/15562/1556221.jpg?size=16335
Лунна светлина,Ги дьо Мопасан,Едисон,1925,https://knizhen-pazar.net/books/127/12735/1273510.jpg?size=13626
Хорла,Ги дьо Мопасан,Хемус
Кавалът плаче,Георги Караславов,Зарници,1927,https://alba-books.com/image/cache/data/lit-bg/kawaluttpla4-589x800-product_popup.jpg
Млада гвардия,Александър Фадеев,Народна култура,1947,https://knizhen-pazar.net/books/322/32243/3224372.jpg?size=45968
Отъ 20та насамъ,Иван Знахар  Никола Никитов,Общинска мисълъ,1931,https://knizhen-pazar.net/books/229/22906/2290616.jpg?size=50464
Лекции по Български история,Н. С. Державин,Издателсто на българската комунистическа партия,1946,https://knizhen-pazar.net/books/447/44792/4479291.jpg?size=35865
Средногорски партизани,Коста Ламбрев,Издателсто на българската комунистическа партия,1948,https://knizhen-pazar.net/books/114/11436/1143618.jpg?size=33715
Последният Удегеец,Александър Фадеев,Народна култура,1948,https://knizhen-pazar.net/books/071/7193/719360.jpg?size=17526
Кларънс,Франсис Брет Харт,Отечество,1984,https://knizhen-pazar.net/books/435/43586/4358640.jpg?size=45067
Калифорнийски разкази,Франсис Брет Харт,Отечество,1983,https://knizhen-pazar.net/books/182/18236/1823606.jpg?size=23023
Галагтическа балада  Пътуване в Уибробия,Емил Манов,Български писател,1986,https://knizhen-pazar.net/books/277/27776/2777663.jpg?size=50632
Повикай ме,Джеймс Джоунс,Христо Г. Данов,1985,https://knizhen-pazar.net/books/377/37777/3777762.jpg?size=21615
Балада за пекъм рай,Мюриъл Спарк,Христо Г. Данов,1978,https://knizhen-pazar.net/books/280/28060/2806014.jpg?size=39225
Господарят Джим,Джоузеф Конрад,Народна младеж,1981,https://knizhen-pazar.net/books/413/41302/4130297.jpg?size=31707
Фантазиите на Баранкин,Валерий Медмедев,Народна младеж,1987,https://knizhen-pazar.net/books/116/11697/1169718.jpg?size=15903
Търсим космически цивилизации,Карел Панцер,Народна младеж,1980,https://knizhen-pazar.net/books/183/18313/1831334.jpg?size=28261
Едем,Станислав Лем,Христо Г. Данов,1981,https://knizhen-pazar.net/books/292/29249/2924979.jpg?size=41671
Избрани фантастични произведения,том 1,Станислав Лем,Народна младеж,1988,https://knizhen-pazar.net/books/069/6937/693783.jpg?size=20665
Избрани фантастични произведения,том 2,Станислав Лем,Народна младеж,1988,https://knizhen-pazar.net/books/283/28355/2835584.jpg?size=50854
Звездите идват по близо,Недялка Михова,Народна младеж,1969,https://knizhen-pazar.net/books/426/42690/4269066.jpg?size=36527
Часът на бика,Иван Ефремов,Народна младеж,1984,https://knizhen-pazar.net/books/419/41979/4197977.jpg?size=26993
Мъглявината Андромеда,Иван Ефремов,Народна младеж,1984,https://knizhen-pazar.net/books/403/40366/4036615.jpg?size=49973
Марсиански хроники,Рой Бредбъри,Народна младеж,1966,https://knizhen-pazar.net/books/173/17306/1730645.jpg?size=15858
Пясъчен човек,Жан Жубер,Народна младеж,1981,https://knizhen-pazar.net/books/406/40677/4067793.jpg?size=49226
Гост,Игор Росоховатски,Народна младеж,1981,https://knizhen-pazar.net/books/447/44735/4473512.jpg?size=40171
Формула на невъзможното,сбор,Народна младеж,1967,https://knizhen-pazar.net/books/419/41933/4193349.jpg?size=44560
Дневник на едно пътуване,Руджер Бошкович,Издателство на отечествения фронт,1975,https://knizhen-pazar.net/books/016/1626/162679.jpg?size=32217
Саваните на Кения,Джон Хантър,Земиздат,1968,https://knizhen-pazar.net/books/449/44982/4498288.jpg?size=28569
Хамбурският оракул,Анатол Имерманис,Народна младеж,1981,https://knizhen-pazar.net/books/156/15640/1564087.jpg?size=50461
Един дълъг живот в един кратък живот,Алберт Малц,Издателство на отечествения фронт,1970,https://knizhen-pazar.net/books/344/34420/3442058.jpg?size=28795
Андромеда,Фред Хойл  Джон Елиът,Христо Г. Данов,1988,https://knizhen-pazar.net/books/034/3498/349827.jpg?size=21021
Семейство Рьозо,Ерве Базен,Народна култура,1971,https://knizhen-pazar.net/books/337/33710/3371092.jpg?size=48063
Моят живот сред индианците,Джеймс У. Шулц,Държавно издателство Варна,1970,https://knizhen-pazar.net/books/330/33024/3302476.jpg?size=9291
Спартак,Рафаело Джованьоли,Народна култура,1968,https://knizhen-pazar.net/books/377/37774/3777405.jpg?size=28697
Енеида,Вергилий,Народна култура,1979,https://knizhen-pazar.net/books/288/28846/2884645.jpg?size=51694
Синът на палача,Едгар Уолъс,Амарарт 28,1991,https://knizhen-pazar.net/books/033/3337/333771.jpg?size=26072
Кола Брьонон,Ромен Ролан,Държавно издателство Варна,1970,https://knizhen-pazar.net/books/023/2375/237541.jpg?size=9320
Три билета до ъдвенчър  Двама в степта,Джералд Доръл,Земиздат,1978,https://knizhen-pazar.net/books/442/44250/4425082.jpg?size=41081
Пияната гора  Шепнещата гора,Джералд Доръл,Земиздат,1979,https://knizhen-pazar.net/books/117/11743/1174353.jpg?size=12185
Хванете ми колобус,Джералд Доръл,Земиздат,1981,https://knizhen-pazar.net/books/204/20429/2042909.jpg?size=11851
Лисици в лозето,част 1,Лион Фойхтвангер,Народна култура,1979,https://knizhen-pazar.net/books/401/40152/4015297.jpg?size=50443
Лисици в лозето,част 2,Лион Фойхтвангер,Народна култура,1979,https://knizhen-pazar.net/books/401/40152/4015297_1.jpg?size=42794
Прегрешения на перото,Стивън Лийкок,Христо Г. Данов,1986,https://knizhen-pazar.net/books/452/45280/4528065.jpg?size=39905
Избрани творби,Карел Чапек,Народна култура,1971,https://knizhen-pazar.net/books/222/22252/2225283.jpg?size=22296
Избрани съчинения,П. Р. Славейков,Държавна печатница,1927,https://knizhen-pazar.net/books/175/17584/1758444_1.jpg?size=23680
Избрани съчинения,Пенчо Славейков,Министерство на народното просвещение,1923,https://knizhen-pazar.net/books/281/28189/2818969.jpg?size=41160
Избрани фантастично-утопични произведения в два тома,том 1,Карел Чапек,Народна младеж,1985,https://knizhen-pazar.net/books/393/39384/3938470.jpg?size=35081
Илиада,Омир,Народна култура,1967,https://knizhen-pazar.net/books/362/36228/3622862.jpg?size=19731
Сборник масоми и туристически песни,сбор,Туристическо дружество планинец,1976,https://knizhen-pazar.net/books/406/40668/4066830.jpg?size=19449
Мъртви души,Н.В. Гогол,Народна култура,1969,https://knizhen-pazar.net/books/444/44468/4446807.jpg?size=51063
Вилхелм Тел,Фридрих Шилер,Народна култура,1966,https://knizhen-pazar.net/books/126/12620/1262029.jpg?size=7213
Леваневски,Давид Овадия,Партиздат,1980,https://knizhen-pazar.net/books/392/39259/3925911.jpg?size=50969
Цоп и Цап,Вилхелм БУш,Отечество,1988,https://knizhen-pazar.net/books/252/25205/2520545.jpg?size=22649
Фауст,Йохан Волфганг Гьоте,Народна култура,1966,https://knizhen-pazar.net/books/400/40084/4008451.jpg?size=20653
Майка,Максим Горки,Народна култура,1964,https://knizhen-pazar.net/books/454/45494/4549432.jpg?size=13504
Избрани стихотворения,Пейо К. Яворов,Български писател,1967,https://knizhen-pazar.net/books/412/41203/4120315.jpg?size=28680
Стихове,Владимир Маяковски,Ив. Коюмджиев,1945,https://knizhen-pazar.net/books/170/17098/1709807.jpg?size=24112
Земята под ярема,Ванда Василевска,Българска книжнина,1941,https://knizhen-pazar.net/books/119/11902/1190253.jpg?size=32187
Избрани творби,Любен Каравелов,Български писател,1982,https://knizhen-pazar.net/books/245/24513/2451307.jpg?size=46756
Разкази Гераците,Елин Пелин,Български писател,1974,https://knizhen-pazar.net/books/314/31464/3146418.jpg?size=22917
Аз ти той,Елин Пелин,Хемус,1936,https://knizhen-pazar.net/books/102/10250/1025079.jpg?size=16664
Осъдени души,Димитър Димов,Български писател,1970,https://knizhen-pazar.net/books/437/43725/4372547.jpg?size=51342
Автобиография и мемоари,Г.С. Раковски,Държавна печатница,1925,https://knizhen-pazar.net/books/433/43349/4334966.jpg?size=18697
Климентова земя,Христо Миндов,Христо Г. Данов,1943,https://knizhen-pazar.net/books/446/44656/4465689.jpg?size=10875
Боян Магестникът,Петър Карапетров,Древна България,1930,https://knizhen-pazar.net/books/005/558/55845.jpg?size=12397
Бачо Киро,Змей Горянин,Древна България,1936,https://knizhen-pazar.net/books/365/36522/3652270.jpg?size=11223
Из публицистиката и писмата му,Христо Ботев,Държавно военно издателство,1972,https://knizhen-pazar.net/books/165/16589/1658953.jpg?size=17564
Сказание за Хан Аспарух Княз Слав и жреца Терес,Антон Дюнчек,БЗНС,1982,https://knizhen-pazar.net/books/206/20670/2067084.jpg?size=13930
Пятът на Достоевски,Леонид Гросман,Ив. Г. Игнатов и синове,1928,https://knizhen-pazar.net/books/236/23696/2369674.jpg?size=45118
Ако не можеш да бъдеш почтен,Рос Томас,Христо Г. Данов,1985,https://knizhen-pazar.net/books/421/42114/4211457.jpg?size=48418
Законите напаркинсън,част 2,Сирил Паркинсън,Профиздат,1989,https://knizhen-pazar.net/books/451/45103/4510309.jpg?size=33384
Холандски морски новели,сбор,Георги Бакалов,1975,https://knizhen-pazar.net/books/138/13851/1385171.jpg?size=14802
Двадесет дни без война,Константин Симонов,Партиздат,1974,https://knizhen-pazar.net/books/119/11979/1197959.jpg?size=26385
Последно лято,Константин Симонов,Издателство на отечествения фронт,1977,https://knizhen-pazar.net/books/373/37382/3738247.jpg?size=30142
Хората не се раждат войници,Константин Симонов,Издателство на отечествения фронт,1976,https://knizhen-pazar.net/books/373/37382/3738215.jpg?size=33704
Така нареченият личен живот,Константин Симонов,Партиздат,1979,https://knizhen-pazar.net/books/408/40870/4087020.jpg?size=35215
Живи и мъртви,Константин Симонов,Издателство на отечествения фронт,1962,https://knizhen-pazar.net/books/409/40942/4094255.jpg?size=20646
Звезда,Даниел Стийл,ИК Компас,1994,https://knizhen-pazar.net/books/024/2410/241089.jpg?size=16905
Сезон на страстта,Даниел Стийл,ИК Компас,1993,https://knizhen-pazar.net/books/127/12784/1278480.jpg?size=19542
Като мълния,Даниел Стийл,Хемус,1996,https://knizhen-pazar.net/books/095/9570/957049.jpg?size=43405
Без драскотина,Даниел Стийл,Бард,2002,https://cdn.ozone.bg/media/catalog/product/cache/1/image/a4e40ebdc3e371adff845072e1c73f37/b/e/00a9f74a2a284e21b91281b8ba7c137a/bez-draskotina-30.jpg
Нежност,Даниел Стийл,Компас,1995,https://knizhen-pazar.net/books/365/36587/3658781.jpg?size=42510
Няма по-голяма любов,Даниел Стийл,Компас,1993,https://knizhen-pazar.net/books/352/35253/3525373.jpg?size=10901
Дом за мистър бисвас,В.С.ТАйпол,Народна култура,1981,https://knizhen-pazar.net/books/457/45718/4571848.jpg?size=29060
Избрани творби,Стивън Крейн,Народна култура,1985,https://knizhen-pazar.net/books/246/24664/2466405.jpg?size=50974
Вино от глухарчета,Рей Бредбъри,Народна младеж,1979,https://knizhen-pazar.net/books/315/31560/3156001.jpg?size=31163
Котешка люлка  Закуска за шампиони,Кърт Вонегът,Издателство на отечествения фронт,1977,https://knizhen-pazar.net/books/426/42649/4264966.jpg?size=31415
Точния мерник,Кърт Вонегът,Народна култура,1990,https://knizhen-pazar.net/books/358/35888/3588872.jpg?size=23281
Кланица 5,Кърт Вонегът,Военно издателство,1982,https://knizhen-pazar.net/books/401/40168/4016821.jpg?size=51231
Фабиан,Ерих Кестнер,Издателство на отечествения фронт,1962,https://knizhen-pazar.net/books/428/42807/4280769.jpg?size=51109
Брулени хълмове,Емили Бронте,Народна култура,1979,https://knizhen-pazar.net/books/297/29797/2979736.jpg?size=33014
Учителят,Емили Бронте,Гарант-21,1992,https://knizhen-pazar.net/books/065/6575/657582.jpg?size=18749
Джейн Еър,Емили Бронте,Народна култура,1979,https://knizhen-pazar.net/books/459/45915/4591594.jpg?size=39929
Под черния флаг,Пол Виалар,Народна култура,1968,https://knizhen-pazar.net/books/135/13593/1359303.jpg?size=17240
Романи за деца,Ерих Кестнер,Народна младеж,1969,https://knizhen-pazar.net/books/387/38750/3875058.jpg?size=23087
Преключенията на добрия войник Швейк,Ярослав Хашек,Народна култура,1969,https://knizhen-pazar.net/books/308/30873/3087391.jpg?size=13347
Български притчи или пословици и характерни думи събрани от П. Р. Славейков,П.Р.Славейков,Български писател,1972,https://knizhen-pazar.net/books/182/18254/1825412.jpg?size=28102
Разкази очерци пътеписи,Ярослав Хашек,Народна култура,1986,https://knizhen-pazar.net/books/458/45875/4587537.jpg?size=36198
Български народни гостби,Др Ана Хаканова,Вестник на жената,1939
555 изпитани рецепти ца готвене,П. Чолчева Н. Сърбинова,Вестник на жената,https://www.musalabooks.bg/image/cache/catalog/1724582198_SCN_20240825_013257-500x650.jpg
Лустро,Чарлс Пърси Сноу,Христо Г. Данов,1985,https://knizhen-pazar.net/books/405/40546/4054642.jpg?size=27009
Приключенията на зведният навигатор Пиркс,Станислав Лем,Народна младеж,1974,https://knizhen-pazar.net/books/070/7093/709373.jpg?size=11605
Арканзаски трапери,Гюстав Емар,Народна младеж,1971,https://knizhen-pazar.net/books/440/44090/4409046.jpg?size=28643
Герои и мъченици на науката и прогреса,сбор,Народна младеж,1961,https://knizhen-pazar.net/books/388/38890/3889001.jpg?size=15318
Нещо се случи,Джоузеф Хелър,Христо Г. Данов,1982,https://knizhen-pazar.net/books/229/22980/2298009.jpg?size=40091
В хотел Бъртрам,Агата Кристи,Абагар,1992,https://knizhen-pazar.net/books/370/37081/3708188.jpg?size=45762
Произход и значения на имената на нашите градове села реки планини и места,Васил Миков,1943,https://knizhen-pazar.net/books/375/37589/3758999.jpg?size=47554
Те се биха за родината,Михаил Шолохов,Нариздат,1945,https://knizhen-pazar.net/books/401/40195/4019557.jpg?size=44128
Отговори на интимни питания из областта на пола,Райнхолд Герлинг,Витоша,1929,https://knizhen-pazar.net/books/324/32421/3242179.jpg?size=45657
Човекът с дреха на черни квадрати,Ив. Хр. Иванов,Модерна домакиня,1934,https://knizhen-pazar.net/books/421/42130/4213023.jpg?size=26287
Балът на цветята,К. Лукашевич,Хемус,1927
Маргита  Бараб,Весела Страшимирова,Модерна домакиня,1934,https://alba-books.com/image/cache/data/000000/MADE-589x800-product_popup.jpg
Република на смъртните,Васил Акьов,Народна младеж,1966,https://knizhen-pazar.net/books/333/33305/3330587.jpg?size=51534
Знаменосци,Олис Гончар,Народна култура,1976,https://knizhen-pazar.net/books/373/37382/3738234.jpg?size=30364
Пролет на Одер,Емануил Казакевич,Народна култура,1953,https://knizhen-pazar.net/books/198/19855/1985529.jpg?size=23601
Безсмъртната,Георги Томплевски,Вестник на жената,1939,https://knizhen-pazar.net/books/189/18936/1893682.jpg?size=24027
Китка кървави цветя,Неделчо Бенев,Модерно изкуство,1929
Четиримата танкисти и кучето,част 1,Януш Пшимановски,Христо Г. Данов,1969,https://knizhen-pazar.net/books/103/10328/1032802.jpg?size=17550
Четиримата танкисти и кучето,част 2,Януш Пшимановски,Христо Г. Данов,1970,https://knizhen-pazar.net/books/316/31603/3160392.jpg?size=19341
Академикът Павлов,А. Югов,Искра,1945,https://knizhen-pazar.net/books/260/26031/2603108.jpg?size=44853
На живот и смърт,Димитъл Ангелов,Български писател,1955,https://knizhen-pazar.net/books/158/15833/1583332.jpg?size=7279
Трънливият път на великите изобретения,Александъръ Ивичъ,Камбана,1944,https://knizhen-pazar.net/books/407/40744/4074437.jpg?size=31185
Съчинения,Григоръ Пърличевъ,Държавна печатница,1930,https://knizhen-pazar.net/books/261/26127/2612799.jpg?size=17883
Балъ,Ирина Немировска,Азбука
Пятьтъ къмъ здраве и щастие,Клемантъ Джефри,Гладстон,1932,https://knizhen-pazar.net/books/307/30750/3075058.jpg?size=46417
Деца герои,сборник,Христо Г. Данов,1963,https://knizhen-pazar.net/books/415/41568/4156849.jpg?size=39266
Презгранично пътуване   Изчезналата миниатюра,Ерих Кестнер,Отечествен фронт,1984,https://knizhen-pazar.net/books/032/3200/320022.jpg?size=22379
Избрани произведения,Александър Теодоров - Балан,Наука и изкуство,1987,https://knizhen-pazar.net/books/486/48672/4867236.jpg?size=30069
Сърце в очакване,Магали,Хермес,1993,https://knizhen-pazar.net/books/300/30096/3009618.jpg?size=26705
Сама в живота,Марион Дели,Хермес,1992,https://knizhen-pazar.net/books/045/4563/456366.jpg?size=41595
Старият кладенец,Макс дьо Вьози,Боивест,1993,https://knizhen-pazar.net/books/385/38599/3859906.jpg?size=41569
Циганска кръв,Елинър Глин,Хермес,1992,https://knizhen-pazar.net/books/181/18137/1813779.jpg?size=43908
Приключение в Тирол,Розамунд Леман,Хермес,1993,https://knizhen-pazar.net/books/025/2557/255759.jpg?size=13468
Изстрадана любов,Пал Барабаш,Хермес,1993,https://knizhen-pazar.net/books/350/35077/3507707.jpg?size=33419
Любовта на Мери-Лу,Фетез Болдуин,Хермес,1992,https://knizhen-pazar.net/books/057/5733/573372.jpg?size=36285
Близнаци,Михаил Цвик,Хермес,1993,https://knizhen-pazar.net/books/057/5736/573673.jpg?size=35354
Една лятна нощ,Ванда Бонта,Хермес,1992,https://knizhen-pazar.net/books/466/46610/4661091.jpg?size=50243
Кристин,Джейн Инес,Слово,1992,https://knizhen-pazar.net/books/083/8303/830316.jpg?size=27538
След раздялата,Ги Шантпльор,Хермес,1992,https://knizhen-pazar.net/books/127/12702/1270205.jpg?size=18339
Брачна авантюра,Анри Ардел,Хермес,1993,https://knizhen-pazar.net/books/011/1143/114349.jpg?size=30585
Златна любов,Флорънс Бъркли,Хермес,1992,https://knizhen-pazar.net/books/179/17957/1795706.jpg?size=45263
Неверният съпруг,Марион Дели,Боивест,1993,https://knizhen-pazar.net/books/245/24553/2455376.jpg?size=25453
Къщата на морския бряг,Валантайн Уилямс,Хермес,1992,https://knizhen-pazar.net/books/011/1140/114037.jpg?size=38016
Шейхът,Е. М. Хюл,Хермес,1992,https://knizhen-pazar.net/books/057/5733/573354.jpg?size=34626
Една арабска принцеса разказва,Джийн Сасън,Емас,1993,https://knizhen-pazar.net/books/056/5603/560353.jpg?size=28001
Роби на любовта,Йожени Марлит,Хермес,1992,https://knizhen-pazar.net/books/235/23594/2359448.jpg?size=39220
Моят съпруг,Макс дьо Вьози,Румена,1993,https://knizhen-pazar.net/books/397/39715/3971594.jpg?size=28563
Съпруг по поръчка,Макс дьо Вьози,Хермес,1992,https://knizhen-pazar.net/books/339/33958/3395869.jpg?size=52741
Брак по сметка,Макс дьо Вьози,Боивест,1992,https://knizhen-pazar.net/books/072/7293/729353.jpg?size=18722
Необикновен случай,Патриция Уентуърс,Хермес,1993,https://knizhen-pazar.net/books/096/9612/961217.jpg?size=17352
Слънцето на Етиопия,Жан д'Есме,Хермес,1992,https://knizhen-pazar.net/books/196/19614/1961468.jpg?size=31506
Съпругата без брачна нощ  Само една нощ,Макс дьо Вьози,Хермес,1992,https://knizhen-pazar.net/books/241/24140/2414068.jpg?size=15592
Тайнственият непознат,Макс дьо Вьози,Боивест,1992,https://knizhen-pazar.net/books/196/19686/1968618.jpg?size=31152
Непознатият годеник,Евелин Мер,Хермес,1993,https://knizhen-pazar.net/books/305/30558/3055848.jpg?size=37506
Войната на трите рози,Андре Брюйер,Хермес,1992,https://knizhen-pazar.net/books/181/18137/1813770.jpg?size=50826
Молитвена броеница,Флоренс Бъркли,Маг77,1992,https://knizhen-pazar.net/books/011/1195/119504.jpg?size=9794
Черната амазонка,Сент Анж,Хермес,1992,https://knizhen-pazar.net/books/044/4407/440757.jpg?size=24653
Аз съм виновна,Ани Виванти,Хермес,1992,https://knizhen-pazar.net/books/482/48200/4820069.jpg?size=47902
Колибата край езерото,Луи Дертал,Хермес,1992,https://knizhen-pazar.net/books/088/8833/883394.jpg?size=23198
Момичето без име,Конкордия Мерел,Хермес,1992,https://knizhen-pazar.net/books/096/9611/961146.jpg?size=18600
Сянката на червения Мейсън,Конкордия Мерел,Боивест,1993,https://knizhen-pazar.net/books/078/7838/783831.jpg?size=18138
Купена жена  Фарът се запалва,Конкордия Мерел,Хермес,1993,https://knizhen-pazar.net/books/402/40296/4029615.jpg?size=48531
Имение в планината,Макс дьо Вьози,Боивест,1992,https://knizhen-pazar.net/books/088/8890/889057.jpg?size=30045
Брачна нощ,Макс дьо Вьози,Хермес,1992,https://knizhen-pazar.net/books/330/33084/3308489.jpg?size=22467
Чудовището на смъртта,Агата Кристи,Пейо К. Яворов,1991,https://knizhen-pazar.net/books/206/20672/2067230.jpg?size=7994
Сивия кон,Агата Кристи,Български писател,1992,https://knizhen-pazar.net/books/102/10293/1029362.jpg?size=22588
Павилион за жени,Пърл Бък,Жар,1992,https://knizhen-pazar.net/books/491/49113/4911350.jpg?size=33448
Вечната Амбър,том 2,Катлийн Уидзор,Съвременник,1990,https://knizhen-pazar.net/books/225/22514/2251408.jpg?size=14546
Смърт край Нил,Агата Кристи,Народна младеж,1990,https://knizhen-pazar.net/books/485/48573/4857303.jpg?size=37404
Родопски властелини,Николай Хайтов,Издателство на отечествения фронт,1965,https://knizhen-pazar.net/books/426/42654/4265412.jpg?size=26117
Вечната Амбър,том 1,Катлийн Уидзор,Съвременник,1992,https://knizhen-pazar.net/books/478/47805/4780531.jpg?size=20516
Хумор и сатира,сбор,Български писател,1985,https://knizhen-pazar.net/books/472/47279/4727928.jpg?size=49648
Куентин Дъруърд,Уолтър Скот,Народна младеж,1967,https://knizhen-pazar.net/books/183/18387/1838746.jpg?size=27978
Няма вече петна,сбор,Вестник на жената,https://knizhen-pazar.net/books/350/35019/3501974.jpg?size=31041
Съвременна кухня за двама,Надежда Илиева,Медицина и физкултура,1986,https://knizhen-pazar.net/books/139/13907/1390762.jpg?size=25925
Сляпа любов  Шест дни,Елинър Глин,Хермес,1993,https://knizhen-pazar.net/books/089/8981/898193.jpg?size=17894
Сладки и соленки за чай и закуска,Анна Д-р Хаканова,Вестник на жената,1935,https://knizhen-pazar.net/books/414/41453/4145338.jpg?size=27606
Готварска книга за мъже,Петър Саралиев,Земиздат,1984,https://knizhen-pazar.net/books/169/16993/1699352.jpg?size=26353
Наръчник на ловеца и риболовеца,сбор,Земиздат,1974,https://knizhen-pazar.net/books/087/8791/879192.jpg?size=32719
Китайска кухня,Елизабет Павлова,Май,https://knizhen-pazar.net/books/119/11945/1194578.jpg?size=17975
Как да се храним правилно,Ташо Ташев,Медицина и физкултура,1970,https://knizhen-pazar.net/books/171/17116/1711688.jpg?size=20807
Разделно хранене Български рецепти по системата на Д-р Хей,Стоянка Ненова,Сампо,1995,https://knizhen-pazar.net/books/045/4522/452276.jpg?size=15537
Предястия,София Смолницка,Медицина и физкултура,1986,https://knizhen-pazar.net/books/087/8761/876175.jpg?size=13683
Вегетарианство и суровоядство,А. Белоречки  С. Чортанова,Медицина и физкултура,1990,https://knizhen-pazar.net/books/191/19181/1918122.jpg?size=19605
Орел умира във висините,Борчо Обретенов  Минка Стефанова - Лиляна,Народна младеж,1972,https://knizhen-pazar.net/books/277/27741/2774190.jpg?size=48029
Декоративна дендрология,Илия Вакарелова  Мария Милева,Дионис,2002,https://cdn.ozone.bg/media/catalog/product/cache/1/image/a4e40ebdc3e371adff845072e1c73f37/d/e/6250517389211c37333100f16eba1c92/dekorativna-dendrologiya-31.jpg
Историята на доктор Дулитъл,Хю Лофтинг,Отечество,1979,https://assets2.chitanka.info/thumb/book-cover/21/8455.max.jpg
Нашата и световната кухня и рационалното хранене,С. Чортанова  Н. Джелепов,Медицина и физкултура,1983,https://knizhen-pazar.net/books/156/15623/1562326.jpg?size=20895
Разкази,том 2,Елинъ Пелинъ,Хемус,1918,https://knizhen-pazar.net/books/078/7870/787087.jpg?size=6252
По земята,Константин Константинов,Хемус,1930,https://knizhen-pazar.net/books/418/41807/4180709.jpg?size=31237
Родопски разкази и легенди,Тома Попратилов - Сакудей,Военно-книгоиздателския фонд,1942,https://knizhen-pazar.net/books/157/15749/1574939.jpg?size=26254
От любов към дъщеря ми,Бети Махмуди,Златорогъ,1993,https://knizhen-pazar.net/books/045/4507/450799.jpg?size=36784
За теб Джамал,Б. Нилсен  М. Коскас,Емас,1994,https://knizhen-pazar.net/books/161/16144/1614478.jpg?size=25184
Златната клетка,Евлин Дюрийо,Слънце,1994,https://knizhen-pazar.net/books/322/32237/3223768.jpg?size=40191
Слугинята на управителя,Йожени Марлит,Боивест,1992,https://knizhen-pazar.net/books/320/32074/3207452.jpg?size=48769
Загубеният рай,Жюл Мари,Хермес,1993,https://knizhen-pazar.net/books/055/5593/559300.jpg?size=28430
Дъх на карамфил,Онелио Хорхе Кардосо,Народна култура,1975,https://knizhen-pazar.net/books/380/38051/3805193.jpg?size=42060
Мъже и жени,Андре Терие,Дива,1993,https://knizhen-pazar.net/books/414/41452/4145215.jpg?size=46450
Мигове от вечност,Иван Карановски,Гутенберг,1924,https://knizhen-pazar.net/books/062/6247/624718.jpg?size=28180
Корабът с алените платна,Александър Грин,Народна култура,1971,https://knizhen-pazar.net/books/471/47187/4718744.jpg?size=23387
Любовта на Тереза Бошам,Франсиз де Миомандър,Дива,1993,https://knizhen-pazar.net/books/058/5846/584630.jpg?size=28878
Родна стряха,Аспарух Иванов,Вестник на жената,1941,https://knizhen-pazar.net/books/409/40937/4093725.jpg?size=20957
Танкове на моста,Микола Далеки,Народна култура,1975,https://knizhen-pazar.net/books/040/4054/405480.jpg?size=25915
Човекътъ съ маските,Йоханъ Бойеръ,Ив. Г. Игнатов и синове,1928,https://knizhen-pazar.net/books/370/37029/3702929.jpg?size=23254
По следите на Робинзон,Н. Верзилин,Централния кооперативен съюз,1948,https://knizhen-pazar.net/books/384/38471/3847104.jpg?size=11180
Разединените щати,Владимир Познер,Издателство на отечествения фронт,1949,https://knizhen-pazar.net/books/166/16692/1669201.jpg?size=21132
Нежна магия,М. Лит,Дива,https://knizhen-pazar.net/books/105/10500/1050061.jpg?size=19663
Хубай-Ханъ,Хр. Братановъ - Брань,Древна България,1935,https://knizhen-pazar.net/books/199/19948/1994879.jpg?size=22569
Тигърътъ,Дамянъ Калфовъ,Христо Г. Данов
Жрицата на змията,Петър Бобев,Народна култура,1965,https://knizhen-pazar.net/books/021/2174/217471.jpg?size=5467
Фаетон,Петър Бобев,Христо Г. Данов,1988,https://knizhen-pazar.net/books/411/41111/4111192.jpg?size=43941
Свирепия,Петър Бобев,Български писател,1963,https://knizhen-pazar.net/books/184/18456/1845611.jpg?size=13435
Телената обеца,Петър Бобев,Български писател,1988,https://knizhen-pazar.net/books/110/11046/1104646.jpg?size=15307
Лека нощ, безсъние!,Петър Бобев,Български писател,1978,https://knizhen-pazar.net/books/236/23691/2369120.jpg?size=45411
Отровният пръстен,Петър Бобев,Отечество,1984,https://knizhen-pazar.net/books/065/6520/652015.jpg?size=8017
Гонитба из южните морета,Петър Бобев,Български писател,1971,https://knizhen-pazar.net/books/351/35192/3519251.jpg?size=37854
Педра Пинтага,Ангел Сарафов,Народна младеж,1965,https://knizhen-pazar.net/books/066/6600/660045.jpg?size=12687
Тревога в космоса,Владимир Селянов,Народна култура,1964,https://knizhen-pazar.net/books/491/49172/4917286.jpg?size=52553
Остров Тамбукту,Марко Марчевски,Народна младеж,1957,https://knizhen-pazar.net/books/462/46281/4628194.jpg?size=45958
Рудниците на цар Соломон,Х. Райдър Хагард,Народна младеж,1967,https://knizhen-pazar.net/books/452/45208/4520895.jpg?size=32115
Тутанхамон,Жан Франсоа Пеи,Народна култура,1969,https://knizhen-pazar.net/books/247/24760/2476039.jpg?size=22302
Петкан или чистилището на пасифика,Мишел Турние,Г. Бакалов,1985,https://knizhen-pazar.net/books/127/12723/1272380.jpg?size=28378
Империята на моретата,Пол Гимар,Г. Бакалов,1983,https://knizhen-pazar.net/books/026/2649/264961.jpg?size=9695
Робинсън,Мюриъл Спарк,Г. Бакалов,1982,https://knizhen-pazar.net/books/194/19476/1947669.jpg?size=43597
Морската роза,Пол Виалар,Г. Бакалов,1982,https://knizhen-pazar.net/books/136/13666/1366627.jpg?size=21773
Корсарят и статуята,Костас Асимакопулос,Г. Бакалов,1979,https://knizhen-pazar.net/books/486/48674/4867498.jpg?size=20992
Магелан,Стефан Цвайг,Г. Бакалов,1979,https://knizhen-pazar.net/books/468/46817/4681779.jpg?size=32192
Лодката, която не искаше да плава,Фърли Моуът,Г. Бакалов,1980,https://knizhen-pazar.net/books/392/39259/3925906.jpg?size=50560
Нощ в Лисабон,Ерих Мария Ремарк,Г. Бакалов,1981,https://knizhen-pazar.net/books/348/34851/3485155.jpg?size=22693
По суша и море,Джоузеф Конрад,Г. Бакалов,1981,https://knizhen-pazar.net/books/257/25768/2576803.jpg?size=42803
Белият юг,Хемънд Инис,Г. Бакалов,1979,https://knizhen-pazar.net/books/052/5292/529282.jpg?size=13209
Така блести морето,Черстин Йорансон-Люнгман,Г. Бакалов,1979,https://knizhen-pazar.net/books/449/44981/4498176.jpg?size=40717
Монтаук,Макс Фриш,Г. Бакалов,1977,https://knizhen-pazar.net/books/185/18584/1858443.jpg?size=24793
Океанът,Виторио Роси,Г. Бакалов,1977,https://knizhen-pazar.net/books/457/45742/4574281.jpg?size=42529
Контрабанда,Енрике Серпа,Г. Бакалов,1977,https://knizhen-pazar.net/books/075/7581/758165.jpg?size=27210
Гологаниада,Константин Гълябов,Български книга,1943,https://knizhen-pazar.net/books/413/41319/4131987.jpg?size=14434
Братята ми, хората,Янис Манглис,Г. Бакалов,1977,https://knizhen-pazar.net/books/099/9978/997881.jpg?size=8643
Киноманът,Уокър Пърси,Народна култура,1989,https://knizhen-pazar.net/books/365/36502/3650218.jpg?size=18916
Филантропи в дрипи,Робърт Тресъл,Народна култура,1964,https://knizhen-pazar.net/books/311/31100/3110026.jpg?size=13737
Земята на българите,Ангел Каралийчев,Хемус,1939,https://knizhen-pazar.net/books/078/7840/784053.jpg?size=16994
Разходка по езерото,Валтер Матиас Дигелман,Христо Г. Данов,1983,https://knizhen-pazar.net/books/055/5557/555743.jpg?size=27931
Сама по света,Милка Петрова Коралова,Весела дружина,1943,https://knizhen-pazar.net/books/310/31039/3103906.jpg?size=49594
Петдесет години в Цариград,Джордж Уошбърн,Издателство на отечествения фронт,1980,https://knizhen-pazar.net/books/473/47392/4739265.jpg?size=38045
Първото пътешествие около земята,Антонио Пигафета,Г. Бакалов,1978,https://knizhen-pazar.net/books/495/49572/4957241.jpg?size=51195
Ястия на грил,Драхомира Чижкова,Медицина и физкултура,1986,https://knizhen-pazar.net/books/215/21501/2150155.jpg?size=34164
Сподвижнички на апостола,Любомир Дойчев,Издателство на отечествения фронт,1984,https://knizhen-pazar.net/books/117/11739/1173925.jpg?size=19757
Благословената земя,Тихомир Павлов,Модерна домакиня,1933,https://knizhen-pazar.net/books/162/16283/1628340.jpg?size=40553
Домашен лекар,Георги Ефремов,Добро здраве,1927,https://knizhen-pazar.net/books/414/41470/4147051.jpg?size=12946
Бележити Българки,Петър Ив. Кепов,Модерна домакиня,1933,https://knizhen-pazar.net/books/215/21589/2158930.jpg?size=16173
Нещастна фамилия,В. Друмев,С. М. Стайков,https://knizhen-pazar.net/books/319/31966/3196621.jpg?size=48658
Слънцето угаснало,Владимир Полянов,Хемус,1928,https://knizhen-pazar.net/books/253/25304/2530405.jpg?size=31488
Флагман,Върбан Стаматов,Български писател,1978,https://knizhen-pazar.net/books/206/20654/2065445.jpg?size=16183
Разкази и повести,Степан Скиталец,Народна култура,1976,https://knizhen-pazar.net/books/045/4520/452079.jpg?size=7383
Световните тайни и делото на Айнщайн,Д-р Ас. Златаров,Акация,1923,https://knizhen-pazar.net/books/423/42370/4237086.jpg?size=24444
Приключенията на Сейджо и нейните бобри,Сивата Сова,Народна младеж,1975,https://knizhen-pazar.net/books/047/4714/471491.jpg?size=22699
Бабел,Владимир Колин,Народна младеж,1981,https://knizhen-pazar.net/books/052/5258/525876.jpg?size=48116
Соколова нива,Ангел Каралийчев,Хемус,1946,https://knizhen-pazar.net/books/388/38849/3884923.jpg?size=21794
Борба на боговете,Петър Карапетров,Древна България,1938,https://knizhen-pazar.net/books/150/15080/1508018.jpg?size=10605
Вино от южния пасифик,Васил Цонев,Народна младеж,1980,https://knizhen-pazar.net/books/076/7670/767011.jpg?size=22761
Крива ли е съдбата,Любен Каравелов,Хемус,1946,https://knizhen-pazar.net/books/055/5500/550066.jpg?size=11707
Хумор и сатира,Христо Смирненски,Хемус,1932,https://knizhen-pazar.net/books/186/18646/1864644.jpg?size=18835
Стихотворения,Христо Ботев,Български писател,1965
За богове, за хорица и полицаи,Умберто Константини,Христо Г. Данов,1981,https://knizhen-pazar.net/books/015/1505/150544.jpg?size=10859
Телената обеца,Петър Бобев,Български писател,1988,https://knizhen-pazar.net/books/110/11046/1104646.jpg?size=15307
Хъкпбери Фин,Марк Твен,Народна младеж,1965,https://knizhen-pazar.net/books/038/3866/386674.jpg?size=14988
Приказки,том 1,Братя Грим,Народна младеж,1967,https://knizhen-pazar.net/books/505/50528/5052887.jpg?size=11646
Приказки,том 2,Братя Грим,Народна младеж,1967,https://knizhen-pazar.net/books/454/45454/4545476.jpg?size=14865
Магелан,Стефан Цвайг,Г. Бакалов,1979,https://knizhen-pazar.net/books/043/4386/438658.jpg?size=12847
По стъпките на Питагор,Шчепан Еленски,Техника,1964,https://knizhen-pazar.net/books/472/47294/4729479.jpg?size=25891
Чичо томовата колиба,Хариет Бичер Стоу,Народна младеж,1966,https://knizhen-pazar.net/books/331/33115/3311514.jpg?size=12670
Руски вълшебни приказки,сбор,Народна младеж,1960,https://knizhen-pazar.net/books/405/40511/4051179.jpg?size=44578
Маншон Полуобувка и мъхеста брада,Ено Рауд,Периодика,1986,https://knizhen-pazar.net/books/505/50552/5055266.jpg?size=52072
Моите приятели,П. Здравелин,Отец Паисий,1939
От Паисий до Раковски,Ив. Д. Шишманов,Министерството на народното просвещения,1943,https://knizhen-pazar.net/books/397/39788/3978879.jpg?size=25122
Смях и остроумия на съпротивата,Дамян Бърняков,Държавно военно издателство,1973,https://knizhen-pazar.net/books/218/21836/2183653.jpg?size=15816
Принцът и просякът,Марк Твен,Народна младеж,1969